subject_id,Session,Run,Max.PSC,TrialID,TrialNr,Target,Control,BaselineMean,ImageryMean,FB,InitRating,FinalRating,RtSelfRating,ControlRating,InitialConf,FinalConf,RtConfidence,ControlConf,VolumeStart,Max PSC
2,1,1,2.52,0,0,1,0,439,443,4,9,6,2320,4,8,0,2169,8,0,NA
2,1,1,2.52,1,1,1,0,439,447,7,9,5,1318,11,8,2,1671,2,49,NA
2,1,1,2.52,2,2,2,0,437,447,9,8,9,869,10,7,0,1670,2,99,NA
2,1,1,2.52,3,3,1,0,432,444,11,5,6,584,3,6,2,1569,6,150,NA
2,1,1,2.52,4,4,2,0,438,446,7,3,8,1770,5,6,2,1335,9,198,NA
2,1,1,2.52,5,5,1,0,444,444,0,6,7,469,10,6,1,1421,1,248,NA
2,1,1,2.52,6,6,1,0,438,445,6,4,6,1118,10,7,1,1536,7,299,NA
2,1,1,2.52,7,7,2,1,440,446,5,8,11,1453,11,2,3,634,3,348,NA
2,1,1,2.52,8,8,2,0,439,448,8,5,8,2438,4,3,2,402,9,397,NA
2,1,1,2.52,9,9,2,0,437,448,10,3,9,1503,6,8,3,1636,1,448,NA
2,1,2,2.52,0,0,1,0,436,442,5,8,7,569,5,5,3,1136,3,0,NA
2,1,2,2.52,1,1,2,0,433,442,8,5,8,1003,10,5,4,735,9,50,NA
2,1,2,2.52,2,2,1,0,435,444,8,4,6,851,10,6,3,1135,6,100,NA
2,1,2,2.52,3,3,2,0,434,443,8,9,8,1103,8,7,4,1103,6,148,NA
2,1,2,2.52,4,4,1,0,433,445,11,7,6,718,11,5,2,869,4,199,NA
2,1,2,2.52,5,5,2,0,436,443,6,6,9,1352,11,2,2,-1,4,248,NA
2,1,2,2.52,6,6,2,0,434,446,11,8,9,2271,11,2,1,553,2,299,NA
2,1,2,2.52,7,7,1,0,434,446,11,7,6,2653,5,4,1,1068,5,351,NA
2,1,2,2.52,8,8,2,0,438,446,7,8,10,2205,4,4,0,1870,8,399,NA
2,1,2,2.52,9,9,1,1,436,445,8,6,1,2003,1,4,6,735,6,450,NA
2,1,3,2.52,0,0,1,0,429,439,9,7,6,535,6,8,1,1636,3,0,NA
2,1,3,2.52,1,1,1,0,434,440,5,5,7,1452,11,2,2,602,6,50,NA
2,1,3,2.52,2,2,2,0,430,442,11,4,8,1437,3,3,2,868,3,99,NA
2,1,3,2.52,3,3,2,0,434,444,9,8,9,4788,2,4,3,868,1,148,NA
2,1,3,2.52,4,4,2,0,433,442,8,6,8,1170,5,7,5,836,9,196,NA
2,1,3,2.52,5,5,1,0,436,443,6,7,6,1837,9,6,3,1203,6,248,NA
2,1,3,2.52,6,6,2,1,437,446,8,9,8,951,8,7,4,920,4,299,NA
2,1,3,2.52,7,7,1,0,434,443,8,4,7,1671,3,3,5,768,4,349,NA
2,1,3,2.52,8,8,2,0,433,446,12,8,9,418,11,4,6,1135,1,399,NA
2,1,3,2.52,9,9,1,0,432,443,10,7,-1,-1,11,4,5,769,6,448,NA
2,1,4,2.52,0,0,2,0,433,442,8,3,10,2320,9,2,4,769,8,0,NA
2,1,4,2.52,1,1,1,1,432,443,10,8,11,1352,11,7,2,1569,2,49,NA
2,1,4,2.52,2,2,2,0,433,444,10,3,8,1504,5,6,4,834,4,97,NA
2,1,4,2.52,3,3,1,0,432,445,12,9,8,570,10,3,4,770,2,147,NA
2,1,4,2.52,4,4,2,0,434,444,9,7,9,2137,7,5,3,1203,9,199,NA
2,1,4,2.52,5,5,1,0,439,445,5,6,8,1185,5,2,2,-1,5,250,NA
2,1,4,2.52,6,6,2,0,437,447,9,3,9,1786,2,5,5,-1,3,298,NA
2,1,4,2.52,7,7,1,0,438,445,6,7,6,751,2,4,3,736,7,349,NA
2,1,4,2.52,8,8,1,0,441,445,4,4,7,1536,11,3,4,536,3,398,NA
2,1,4,2.52,9,9,2,0,438,447,8,5,9,1437,3,5,6,734,1,448,NA
2,1,5,2.52,0,0,1,0,435,442,6,7,7,3788,6,2,3,768,1,0,NA
2,1,5,2.52,1,1,1,0,431,440,8,9,6,1085,4,4,4,-1,2,48,NA
2,1,5,2.52,2,2,2,1,434,442,7,3,8,1520,8,3,7,1102,7,99,NA
2,1,5,2.52,3,3,2,0,435,442,6,4,9,1636,6,8,4,1537,9,148,NA
2,1,5,2.52,4,4,2,0,434,444,9,7,8,603,3,3,2,869,5,199,NA
2,1,5,2.52,5,5,1,0,432,442,9,4,6,802,6,7,3,1502,7,250,NA
2,1,5,2.52,6,6,1,0,433,442,8,5,-1,-1,7,6,3,1303,5,299,NA
2,1,5,2.52,7,7,1,0,435,441,5,3,6,5240,4,6,2,1402,4,348,NA
2,1,5,2.52,8,8,2,0,435,443,7,6,9,1237,10,2,4,1103,9,398,NA
2,1,5,2.52,9,9,2,0,432,442,9,5,8,1786,8,2,3,1536,1,450,NA
2,1,6,2.52,0,0,2,0,433,440,6,9,8,1019,7,7,5,936,4,0,NA
2,1,6,2.52,1,1,2,0,431,442,10,6,10,2571,10,8,4,1070,7,51,NA
2,1,6,2.52,2,2,1,0,433,442,8,6,8,1051,1,5,4,502,9,103,NA
2,1,6,2.52,3,3,1,0,434,442,7,8,6,1152,6,3,3,-1,5,152,NA
2,1,6,2.52,4,4,1,1,435,441,5,8,10,1319,10,2,2,-1,2,201,NA
2,1,6,2.52,5,5,1,0,437,443,5,7,5,936,9,3,4,703,2,250,NA
2,1,6,2.52,6,6,2,0,437,444,6,9,10,818,10,5,7,1570,7,300,NA
2,1,6,2.52,7,7,2,0,438,443,5,6,9,3738,10,8,3,1503,2,349,NA
2,1,6,2.52,8,8,2,0,436,447,10,9,10,3387,2,2,3,835,9,401,NA
2,1,6,2.52,9,9,1,0,434,444,9,5,5,2304,1,3,3,1368,5,449,NA
2,2,7,1.98,0,0,1,0,440,444,5,6,6,1536,11,3,0,1069,6,0,NA
2,2,7,1.98,1,1,1,0,436,446,12,3,7,1485,10,5,2,1154,1,49,NA
2,2,7,1.98,2,2,2,0,434,445,12,5,9,1170,9,5,0,1770,8,99,NA
2,2,7,1.98,3,3,1,0,434,442,9,6,5,585,1,8,1,2136,3,150,NA
2,2,7,1.98,4,4,2,0,432,445,12,8,11,937,11,6,5,2069,1,198,NA
2,2,7,1.98,5,5,1,0,437,441,5,3,9,2053,1,2,4,2704,3,248,NA
2,2,7,1.98,6,6,1,0,433,442,10,5,7,2586,6,8,4,2170,1,299,NA
2,2,7,1.98,7,7,2,1,433,442,10,7,6,885,6,7,3,1268,3,348,NA
2,2,7,1.98,8,8,2,0,431,444,12,5,9,2437,11,6,2,1569,5,397,NA
2,2,7,1.98,9,9,2,0,436,441,6,6,10,2037,1,2,2,1670,9,448,NA
2,2,8,1.98,0,0,1,0,437,441,5,8,6,3905,1,6,2,1236,9,0,NA
2,2,8,1.98,1,1,2,0,434,444,12,9,10,736,7,6,3,1369,1,50,NA
2,2,8,1.98,2,2,1,0,435,442,8,6,7,2653,6,3,5,768,9,100,NA
2,2,8,1.98,3,3,2,0,435,445,12,5,9,1219,2,7,2,1537,6,148,NA
2,2,8,1.98,4,4,1,0,437,441,5,3,5,5489,7,4,3,703,8,199,NA
2,2,8,1.98,5,5,2,0,441,446,6,5,12,2103,4,2,6,1137,3,248,NA
2,2,8,1.98,6,6,2,0,437,445,9,3,11,4339,11,3,6,870,8,299,NA
2,2,8,1.98,7,7,1,0,435,443,9,7,6,651,8,6,3,3704,8,351,NA
2,2,8,1.98,8,8,2,0,434,446,12,9,9,1471,10,3,2,1236,6,399,NA
2,2,8,1.98,9,9,1,1,437,443,7,9,9,1720,9,5,9,1302,9,450,NA
2,2,9,1.98,0,0,1,0,433,439,7,6,6,1619,10,7,4,1836,3,0,NA
2,2,9,1.98,1,1,1,0,435,440,6,6,6,1252,6,2,4,1002,2,50,NA
2,2,9,1.98,2,2,2,0,437,445,9,9,9,1136,11,3,2,1035,8,99,NA
2,2,9,1.98,3,3,2,0,437,446,10,6,10,1385,10,7,3,1069,7,148,NA
2,2,9,1.98,4,4,2,0,435,448,12,3,9,1570,2,7,5,1270,5,196,NA
2,2,9,1.98,5,5,1,0,435,444,10,5,7,969,2,3,4,470,6,248,NA
2,2,9,1.98,6,6,2,1,435,445,12,8,11,1352,11,6,8,1603,8,299,NA
2,2,9,1.98,7,7,1,0,437,443,7,5,7,770,4,4,4,1535,2,349,NA
2,2,9,1.98,8,8,2,0,436,445,10,4,9,3554,11,4,4,769,3,399,NA
2,2,9,1.98,9,9,1,0,436,440,5,7,6,770,11,4,4,1854,5,448,NA
2,2,10,1.98,0,0,2,0,438,443,6,6,7,1152,2,3,1,2571,3,0,NA
2,2,10,1.98,1,1,1,1,433,438,6,7,7,1619,7,8,3,1802,3,49,NA
2,2,10,1.98,2,2,2,0,435,443,9,7,9,1937,8,5,2,1068,7,97,NA
2,2,10,1.98,3,3,1,0,434,442,9,3,6,2772,11,7,6,620,8,147,NA
2,2,10,1.98,4,4,2,0,435,442,8,9,9,1119,1,5,3,1470,6,199,NA
2,2,10,1.98,5,5,1,0,435,443,9,3,7,1218,2,2,5,902,7,250,NA
2,2,10,1.98,6,6,2,0,439,444,6,9,9,902,3,7,4,1354,9,298,NA
2,2,10,1.98,7,7,1,0,433,442,10,6,8,1019,5,7,2,1503,5,349,NA
2,2,10,1.98,8,8,1,0,439,441,2,5,5,936,7,8,2,1403,6,398,NA
2,2,10,1.98,9,9,2,0,437,447,12,6,9,870,5,6,1,2870,4,448,NA
2,2,11,1.98,0,0,1,0,432,440,9,5,7,1852,7,8,4,1135,8,0,NA
2,2,11,1.98,1,1,1,0,432,440,9,9,7,1670,1,3,4,636,2,48,NA
2,2,11,1.98,2,2,2,1,437,444,8,9,7,919,7,8,9,701,9,99,NA
2,2,11,1.98,3,3,2,0,435,443,9,7,10,4188,9,6,3,1403,5,148,NA
2,2,11,1.98,4,4,2,0,435,443,9,3,10,1870,3,6,4,1036,6,199,NA
2,2,11,1.98,5,5,1,0,434,441,8,3,7,1170,3,6,3,1735,4,250,NA
2,2,11,1.98,6,6,1,0,436,439,3,5,6,1552,7,5,4,869,5,299,NA
2,2,11,1.98,7,7,1,0,434,437,3,5,6,970,2,2,3,868,8,348,NA
2,2,11,1.98,8,8,2,0,437,444,8,9,9,1136,6,8,5,1036,3,398,NA
2,2,11,1.98,9,9,2,0,433,445,12,5,11,2019,7,4,5,536,7,450,NA
2,2,12,1.98,0,0,2,0,436,443,8,5,7,1103,7,4,2,736,3,0,NA
2,2,12,1.98,1,1,2,0,435,444,10,6,9,903,2,4,4,1537,9,51,NA
2,2,12,1.98,2,2,1,0,434,440,7,7,7,1652,1,4,4,1937,1,103,NA
2,2,12,1.98,3,3,1,0,434,443,10,3,6,1036,8,7,3,1369,6,152,NA
2,2,12,1.98,4,4,1,1,437,441,5,3,1,1151,1,7,7,1236,7,201,NA
2,2,12,1.98,5,5,1,0,434,442,9,5,8,1286,8,3,5,935,9,250,NA
2,2,12,1.98,6,6,2,0,439,445,7,9,9,1486,1,3,3,1069,3,300,NA
2,2,12,1.98,7,7,2,0,437,443,7,6,9,2438,9,3,3,2338,6,349,NA
2,2,12,1.98,8,8,2,0,433,445,12,5,10,3020,5,5,3,1635,3,401,NA
2,2,12,1.98,9,9,1,0,434,442,9,6,7,636,8,7,4,1769,8,449,NA
2,3,13,3.59,0,0,1,0,445,457,8,5,4,1103,9,6,2,1168,5,0,NA
2,3,13,3.59,1,1,1,0,449,458,6,8,6,952,1,5,2,1270,5,49,NA
2,3,13,3.59,2,2,2,0,448,459,7,9,10,4171,11,8,1,1937,4,99,NA
2,3,13,3.59,3,3,1,0,446,455,6,8,7,2353,2,5,3,1702,1,150,NA
2,3,13,3.59,4,4,2,0,447,460,8,9,9,1137,6,2,2,1502,4,198,NA
2,3,13,3.59,5,5,1,0,447,458,7,9,6,936,7,6,5,870,7,248,NA
2,3,13,3.59,6,6,1,0,446,457,7,5,6,718,6,8,6,1135,5,299,NA
2,3,13,3.59,7,7,2,1,450,461,7,6,4,1169,4,8,8,1102,8,348,NA
2,3,13,3.59,8,8,2,0,447,464,11,6,8,970,6,3,4,735,2,397,NA
2,3,13,3.59,9,9,2,0,450,462,7,9,8,737,10,7,3,2037,3,448,NA
2,3,14,3.59,0,0,1,0,444,452,5,3,4,3738,4,4,3,869,8,0,NA
2,3,14,3.59,1,1,2,0,440,457,11,7,9,770,3,8,4,1302,9,50,NA
2,3,14,3.59,2,2,1,0,441,451,6,6,6,1552,10,8,5,968,5,100,NA
2,3,14,3.59,3,3,2,0,445,459,9,4,9,1870,5,2,3,2738,3,148,NA
2,3,14,3.59,4,4,1,0,452,457,3,7,6,584,7,8,4,1470,6,199,NA
2,3,14,3.59,5,5,2,0,450,461,7,5,8,1152,7,2,3,569,1,248,NA
2,3,14,3.59,6,6,2,0,452,459,4,7,9,870,1,8,4,1203,4,299,NA
2,3,14,3.59,7,7,1,0,448,460,7,4,6,1119,10,4,4,1268,3,351,NA
2,3,14,3.59,8,8,2,0,449,461,7,9,8,4340,5,3,2,1470,6,399,NA
2,3,14,3.59,9,9,1,1,449,461,7,3,8,1686,8,5,7,1535,7,450,NA
2,3,15,3.59,0,0,1,0,456,457,1,7,6,736,3,5,4,3772,5,0,NA
2,3,15,3.59,1,1,1,0,446,457,7,7,7,1085,7,7,3,1470,8,50,NA
2,3,15,3.59,2,2,2,0,447,460,8,9,8,1753,9,6,4,2670,7,99,NA
2,3,15,3.59,3,3,2,0,441,460,12,6,9,1569,1,6,4,1602,4,148,NA
2,3,15,3.59,4,4,2,0,451,460,6,5,10,2871,6,6,3,2337,3,196,NA
2,3,15,3.59,5,5,1,0,449,460,7,3,5,1019,11,6,2,1303,9,248,NA
2,3,15,3.59,6,6,2,1,455,467,7,8,2,1753,2,5,7,769,7,299,NA
2,3,15,3.59,7,7,1,0,453,462,6,9,7,870,11,4,4,1802,9,349,NA
2,3,15,3.59,8,8,2,0,454,464,6,3,10,2086,6,7,4,1636,6,399,NA
2,3,15,3.59,9,9,1,0,448,462,9,4,6,970,3,5,5,1854,3,448,NA
2,3,16,3.59,0,0,2,0,454,460,4,9,9,1218,11,5,4,2971,9,0,NA
2,3,16,3.59,1,1,1,1,451,462,7,8,10,1118,10,8,8,1035,8,49,NA
2,3,16,3.59,2,2,2,0,457,467,6,4,10,1837,4,5,5,1635,9,97,NA
2,3,16,3.59,3,3,1,0,455,466,7,3,7,1671,1,2,4,787,4,147,NA
2,3,16,3.59,4,4,2,0,462,468,4,9,9,2404,7,7,3,1336,7,199,NA
2,3,16,3.59,5,5,1,0,460,469,5,4,6,1118,5,3,4,1536,5,250,NA
2,3,16,3.59,6,6,2,0,458,470,7,6,8,2804,1,4,0,1270,8,298,NA
2,3,16,3.59,7,7,1,0,460,469,5,3,7,1452,1,7,5,2970,9,349,NA
2,3,16,3.59,8,8,1,0,465,467,1,8,6,969,7,8,6,802,8,398,NA
2,3,16,3.59,9,9,2,0,454,471,10,7,7,2638,2,8,2,1435,3,448,NA
2,3,17,3.59,0,0,2,0,453,467,9,7,8,1052,2,6,3,1469,8,0,NA
2,3,17,3.59,1,1,1,1,447,463,10,5,9,1653,9,7,9,1001,9,49,NA
2,3,17,3.59,2,2,2,0,459,463,2,6,9,2371,6,8,3,4237,8,97,NA
2,3,17,3.59,3,3,1,0,459,466,4,4,6,4439,2,5,2,870,4,147,NA
2,3,17,3.59,4,4,2,0,460,468,5,3,8,4773,9,8,2,1803,1,199,NA
2,3,17,3.59,5,5,1,0,452,467,9,3,5,985,4,7,2,1802,8,250,NA
2,3,17,3.59,6,6,2,0,458,468,6,6,9,1703,7,6,2,1270,6,298,NA
2,3,17,3.59,7,7,1,0,453,470,10,3,7,1152,9,4,3,402,6,349,NA
2,3,17,3.59,8,8,1,0,452,462,6,4,5,569,3,2,3,636,6,398,NA
2,3,17,3.59,9,9,2,0,457,467,6,4,9,1971,7,4,2,935,8,448,NA
2,3,18,3.59,0,0,2,0,462,468,4,8,9,869,1,7,2,2388,3,0,NA
2,3,18,3.59,1,1,2,0,458,468,6,7,6,4739,2,4,0,1337,5,51,NA
2,3,18,3.59,2,2,1,0,450,462,7,6,6,1719,7,4,2,1135,6,103,NA
2,3,18,3.59,3,3,1,0,451,463,7,9,5,1236,10,2,3,2903,6,152,NA
2,3,18,3.59,4,4,1,1,448,465,11,5,3,951,3,6,7,502,7,201,NA
2,3,18,3.59,5,5,1,0,452,460,5,7,6,869,10,3,2,1069,6,250,NA
2,3,18,3.59,6,6,2,0,452,470,11,5,10,1385,8,6,3,1636,8,300,NA
2,3,18,3.59,7,7,2,0,457,471,9,6,9,1370,8,7,3,1037,6,349,NA
2,3,18,3.59,8,8,2,0,456,474,11,4,9,1452,6,8,4,1435,8,401,NA
2,3,18,3.59,9,9,1,0,451,468,10,3,5,1170,5,3,6,935,7,449,NA
4,1,1,1.64,0,0,1,0,440,445,7,8,6,3488,11,2,6,3203,3,0,NA
4,1,1,1.64,1,1,1,0,437,443,8,8,11,3521,10,3,10,2972,9,49,NA
4,1,1,1.64,2,2,2,0,436,444,11,7,9,3354,7,4,8,1354,1,99,NA
4,1,1,1.64,3,3,1,0,437,442,7,5,6,985,6,3,6,1652,9,150,NA
4,1,1,1.64,4,4,2,0,437,445,11,9,10,4323,3,5,7,2986,2,198,NA
4,1,1,1.64,5,5,1,0,434,445,12,7,8,1286,10,3,7,3555,4,248,NA
4,1,1,1.64,6,6,1,0,435,440,7,6,9,2153,3,4,8,1586,3,299,NA
4,1,1,1.64,7,7,2,1,437,438,1,4,8,1487,8,6,2,2169,2,348,NA
4,1,1,1.64,8,8,2,0,435,443,11,8,12,1386,4,3,10,2754,1,397,NA
4,1,1,1.64,9,9,2,0,435,444,12,6,9,986,5,5,6,5657,8,448,NA
4,1,2,1.64,0,0,1,0,437,447,12,5,6,1352,1,3,3,3521,4,0,NA
4,1,2,1.64,1,1,2,0,437,445,11,3,10,2721,4,4,8,1652,9,50,NA
4,1,2,1.64,2,2,1,0,436,445,12,6,7,1919,11,2,7,2436,3,100,NA
4,1,2,1.64,3,3,2,0,437,442,7,4,7,1019,6,3,5,1320,8,148,NA
4,1,2,1.64,4,4,1,0,436,446,12,4,7,1753,10,3,7,3088,2,199,NA
4,1,2,1.64,5,5,2,0,437,445,11,8,5,1119,10,6,8,886,1,248,NA
4,1,2,1.64,6,6,2,0,436,443,10,3,7,1420,9,4,2,2855,5,299,NA
4,1,2,1.64,7,7,1,0,435,443,11,5,5,1518,2,7,4,1218,5,351,NA
4,1,2,1.64,8,8,2,0,434,443,12,8,9,753,7,5,8,1686,5,399,NA
4,1,2,1.64,9,9,1,1,437,445,11,3,3,1620,3,7,1,2002,1,450,NA
4,1,3,1.64,0,0,1,0,437,445,11,7,3,3087,9,3,5,2853,1,0,NA
4,1,3,1.64,1,1,1,0,436,441,7,7,0,2820,1,4,3,3905,4,50,NA
4,1,3,1.64,2,2,2,0,430,442,12,8,11,2587,3,6,9,3771,2,99,NA
4,1,3,1.64,3,3,2,0,435,445,12,5,8,4688,3,7,5,835,8,148,NA
4,1,3,1.64,4,4,2,0,434,444,12,4,10,2488,7,3,7,4423,1,196,NA
4,1,3,1.64,5,5,1,0,433,445,12,7,7,1553,10,7,5,1220,8,248,NA
4,1,3,1.64,6,6,2,1,437,441,6,3,-1,-1,3,6,8,970,8,299,NA
4,1,3,1.64,7,7,1,0,436,442,8,8,6,1420,9,4,10,1952,7,349,NA
4,1,3,1.64,8,8,2,0,435,442,10,9,12,3854,4,5,8,1353,2,399,NA
4,1,3,1.64,9,9,1,0,436,441,7,8,8,819,6,6,7,520,7,448,NA
4,1,4,1.64,0,0,2,0,436,441,7,8,11,1319,5,6,8,2671,9,0,NA
4,1,4,1.64,1,1,1,1,430,439,12,4,1,1452,1,8,1,2486,1,49,NA
4,1,4,1.64,2,2,2,0,433,440,10,9,10,3655,7,2,7,3888,6,97,NA
4,1,4,1.64,3,3,1,0,434,440,8,7,6,919,8,6,10,2505,2,147,NA
4,1,4,1.64,4,4,2,0,433,437,6,3,8,3788,9,8,8,3122,3,199,NA
4,1,4,1.64,5,5,1,0,435,439,6,3,7,2086,5,2,7,1586,8,250,NA
4,1,4,1.64,6,6,2,0,432,438,8,7,10,1086,5,3,0,2938,9,298,NA
4,1,4,1.64,7,7,1,0,431,434,4,4,6,2519,9,3,10,3254,9,349,NA
4,1,4,1.64,8,8,1,0,430,440,12,6,7,4889,3,4,7,1836,7,398,NA
4,1,4,1.64,9,9,2,0,430,440,12,4,10,1754,5,5,3,1201,7,448,NA
4,1,5,1.64,0,0,1,0,432,439,10,7,12,3420,4,7,8,2052,2,0,NA
4,1,5,1.64,1,1,1,0,429,437,11,9,5,1853,6,8,0,3522,6,48,NA
4,1,5,1.64,2,2,2,1,431,439,11,7,3,1486,3,6,3,1702,3,99,NA
4,1,5,1.64,3,3,2,0,433,437,6,9,-1,-1,5,3,6,1420,7,148,NA
4,1,5,1.64,4,4,2,0,431,438,10,8,11,2888,8,6,9,3487,7,199,NA
4,1,5,1.64,5,5,1,0,430,438,11,9,5,2287,8,8,7,2653,5,250,NA
4,1,5,1.64,6,6,1,0,430,428,0,9,7,1686,6,3,2,5690,9,299,NA
4,1,5,1.64,7,7,1,0,431,436,7,9,2,2821,11,8,10,1886,6,348,NA
4,1,5,1.64,8,8,2,0,429,435,9,8,-1,-1,10,5,8,3589,7,398,NA
4,1,5,1.64,9,9,2,0,428,434,9,3,9,2387,4,5,10,1820,2,450,NA
4,1,6,1.64,0,0,2,0,434,437,4,6,9,2220,11,6,4,1254,7,0,NA
4,1,6,1.64,1,1,2,0,433,438,7,8,9,820,1,7,8,636,7,51,NA
4,1,6,1.64,2,2,1,0,431,439,11,8,8,1785,7,2,6,4521,2,103,NA
4,1,6,1.64,3,3,1,0,429,437,11,6,7,3555,8,3,3,4755,9,152,NA
4,1,6,1.64,4,4,1,1,430,437,10,3,4,918,4,4,6,1370,6,201,NA
4,1,6,1.64,5,5,1,0,430,439,12,7,7,2153,7,6,7,1786,7,250,NA
4,1,6,1.64,6,6,2,0,430,437,10,6,9,1352,8,3,9,1719,4,300,NA
4,1,6,1.64,7,7,2,0,428,440,12,4,9,2054,7,6,5,1053,2,349,NA
4,1,6,1.64,8,8,2,0,432,437,7,6,10,3754,7,8,7,1652,1,401,NA
4,1,6,1.64,9,9,1,0,417,431,12,4,7,3456,7,8,6,1118,4,449,NA
4,2,7,1.91,0,0,1,0,418,423,6,6,8,2070,10,8,0,3737,9,0,NA
4,2,7,1.91,1,1,1,0,415,422,9,7,6,618,10,3,5,3823,6,49,NA
4,2,7,1.91,2,2,2,0,416,423,9,9,10,2670,6,4,0,4873,7,99,NA
4,2,7,1.91,3,3,1,0,415,420,6,8,7,2787,10,5,4,2236,8,150,NA
4,2,7,1.91,4,4,2,0,414,422,10,4,8,1671,6,4,6,1469,4,198,NA
4,2,7,1.91,5,5,1,0,412,420,10,8,6,769,2,6,7,1120,1,248,NA
4,2,7,1.91,6,6,1,0,414,420,8,8,7,3954,4,7,3,3438,8,299,NA
4,2,7,1.91,7,7,2,1,411,422,12,8,1,2504,1,8,5,1068,5,348,NA
4,2,7,1.91,8,8,2,0,411,419,10,7,8,2337,11,5,4,2470,4,397,NA
4,2,7,1.91,9,9,2,0,417,420,4,7,9,2271,6,2,5,1369,7,448,NA
4,2,8,1.91,0,0,1,0,410,416,8,8,6,1303,2,5,7,2904,3,0,NA
4,2,8,1.91,1,1,2,0,413,418,6,7,11,1771,8,8,7,3103,8,50,NA
4,2,8,1.91,2,2,1,0,413,418,6,7,8,1352,9,3,0,4104,1,100,NA
4,2,8,1.91,3,3,2,0,411,417,8,6,7,602,4,6,4,3138,3,148,NA
4,2,8,1.91,4,4,1,0,411,416,6,7,9,2587,8,6,7,2137,9,199,NA
4,2,8,1.91,5,5,2,0,409,417,10,3,10,3505,9,3,7,3122,5,248,NA
4,2,8,1.91,6,6,2,0,410,416,8,6,7,2371,5,6,5,1871,2,299,NA
4,2,8,1.91,7,7,1,0,412,411,0,6,-1,-1,9,6,4,3270,4,351,NA
4,2,8,1.91,8,8,2,0,410,419,11,7,10,1304,2,2,6,2871,1,399,NA
4,2,8,1.91,9,9,1,1,411,417,8,7,-1,-1,7,6,7,635,7,450,NA
4,2,9,1.91,0,0,1,0,416,425,11,3,5,3721,5,3,6,2570,2,0,NA
4,2,9,1.91,1,1,1,0,417,423,8,8,7,4455,8,2,4,936,7,50,NA
4,2,9,1.91,2,2,2,0,414,425,12,3,11,4755,1,8,8,4938,1,99,NA
4,2,9,1.91,3,3,2,0,415,424,11,7,11,2386,5,3,9,3537,9,148,NA
4,2,9,1.91,4,4,2,0,415,423,10,4,8,1571,6,6,4,820,1,196,NA
4,2,9,1.91,5,5,1,0,413,420,9,5,7,3504,7,4,6,1237,4,248,NA
4,2,9,1.91,6,6,2,1,413,424,12,7,11,1719,11,4,1,1137,1,299,NA
4,2,9,1.91,7,7,1,0,414,421,9,5,7,1070,4,5,1,2103,6,349,NA
4,2,9,1.91,8,8,2,0,414,419,6,8,9,4054,3,2,3,1737,6,399,NA
4,2,9,1.91,9,9,1,0,411,418,9,4,6,903,9,8,8,5140,2,448,NA
4,2,10,1.91,0,0,2,0,418,423,6,6,10,4921,6,4,6,1270,7,0,NA
4,2,10,1.91,1,1,1,1,414,420,8,5,10,2019,10,2,9,3337,9,49,NA
4,2,10,1.91,2,2,2,0,412,422,12,5,10,1737,10,5,8,1502,3,97,NA
4,2,10,1.91,3,3,1,0,412,419,9,5,6,736,10,5,7,3705,7,147,NA
4,2,10,1.91,4,4,2,0,407,418,12,6,10,1770,7,3,9,2605,9,199,NA
4,2,10,1.91,5,5,1,0,411,418,9,6,4,1385,6,6,0,2937,4,250,NA
4,2,10,1.91,6,6,2,0,412,417,6,9,8,885,9,4,5,469,3,298,NA
4,2,10,1.91,7,7,1,0,411,416,6,4,5,718,9,4,2,2370,2,349,NA
4,2,10,1.91,8,8,1,0,408,409,1,8,5,869,3,4,5,1570,1,398,NA
4,2,10,1.91,9,9,2,0,409,415,8,6,8,3238,9,3,4,468,9,448,NA
4,2,11,1.91,0,0,1,0,415,419,5,6,4,4454,5,4,5,768,1,0,NA
4,2,11,1.91,1,1,1,0,412,417,6,9,6,3171,9,8,6,1521,5,48,NA
4,2,11,1.91,2,2,2,1,410,419,11,9,8,853,8,6,5,701,5,99,NA
4,2,11,1.91,3,3,2,0,413,420,9,7,6,2987,2,5,8,2204,6,148,NA
4,2,11,1.91,4,4,2,0,412,419,9,4,8,1837,5,6,8,1770,2,199,NA
4,2,11,1.91,5,5,1,0,409,419,12,3,5,2286,11,7,0,3637,3,250,NA
4,2,11,1.91,6,6,1,0,409,416,9,8,7,1419,9,7,5,1836,8,299,NA
4,2,11,1.91,7,7,1,0,408,413,6,7,6,637,8,6,4,4372,2,348,NA
4,2,11,1.91,8,8,2,0,407,415,10,3,8,2038,1,2,9,5040,1,398,NA
4,2,11,1.91,9,9,2,0,409,415,8,6,10,3220,11,2,8,3671,9,450,NA
4,2,12,1.91,0,0,2,0,411,418,9,9,8,4706,2,3,0,1303,6,0,NA
4,2,12,1.91,1,1,2,0,406,415,12,9,9,2905,10,5,4,1470,3,51,NA
4,2,12,1.91,2,2,1,0,408,413,6,8,8,3053,9,6,4,1603,2,103,NA
4,2,12,1.91,3,3,1,0,406,413,9,4,7,1352,9,6,4,1435,5,152,NA
4,2,12,1.91,4,4,1,1,404,411,9,4,9,1919,9,5,9,2537,9,201,NA
4,2,12,1.91,5,5,1,0,405,409,5,5,7,869,9,2,6,3804,6,250,NA
4,2,12,1.91,6,6,2,0,403,411,10,5,10,2153,1,2,8,3038,7,300,NA
4,2,12,1.91,7,7,2,0,403,410,9,7,9,803,5,4,6,2171,9,349,NA
4,2,12,1.91,8,8,2,0,400,408,10,8,10,1219,9,5,7,1101,3,401,NA
4,2,12,1.91,9,9,1,0,403,408,6,6,5,402,7,7,6,3637,5,449,NA
4,3,13,1.58,0,0,1,0,410,411,2,7,8,2220,2,6,7,3053,4,0,NA
4,3,13,1.58,1,1,1,0,407,414,11,5,6,1752,3,8,5,5574,5,49,NA
4,3,13,1.58,2,2,2,0,405,414,12,8,9,1686,11,6,5,1887,3,99,NA
4,3,13,1.58,3,3,1,0,408,413,8,5,4,1552,9,3,5,1402,2,150,NA
4,3,13,1.58,4,4,2,0,406,416,12,4,9,2487,5,2,7,4321,4,198,NA
4,3,13,1.58,5,5,1,0,409,413,6,7,6,1720,3,2,0,3539,4,248,NA
4,3,13,1.58,6,6,1,0,403,411,12,8,7,5555,2,5,4,4755,1,299,NA
4,3,13,1.58,7,7,2,1,404,410,9,5,5,1319,5,6,1,3303,1,348,NA
4,3,13,1.58,8,8,2,0,404,411,11,4,8,1787,7,4,0,1720,6,397,NA
4,3,13,1.58,9,9,2,0,396,404,12,4,10,1554,9,7,5,1820,3,448,NA
4,3,14,1.91,0,0,1,0,410,412,3,8,6,1986,1,8,0,2487,3,0,NA
4,3,14,1.91,1,1,2,0,405,415,12,5,10,3422,9,3,2,3754,1,50,NA
4,3,14,1.91,2,2,1,0,408,414,8,6,7,2453,2,8,4,1869,1,100,NA
4,3,14,1.91,3,3,2,0,397,404,9,3,8,2287,10,4,8,2722,5,148,NA
4,3,14,1.91,4,4,1,0,398,403,7,6,3,2253,10,8,7,2637,7,199,NA
4,3,14,1.91,5,5,2,0,399,404,7,7,8,852,7,2,6,2454,8,248,NA
4,3,14,1.91,6,6,2,0,393,402,12,5,11,4789,1,6,4,2054,8,299,NA
4,3,14,1.91,7,7,1,0,398,405,9,9,9,3387,11,3,8,2052,2,351,NA
4,3,14,1.91,8,8,2,0,396,404,11,3,11,4389,10,6,10,2887,2,399,NA
4,3,14,1.91,9,9,1,1,396,402,8,6,4,1954,4,6,8,1719,8,450,NA
4,3,15,1.91,0,0,1,0,401,406,7,3,8,4722,8,4,2,2220,7,0,NA
4,3,15,1.91,1,1,1,0,399,407,10,3,8,4522,4,5,7,4122,5,50,NA
4,3,15,1.91,2,2,2,0,398,408,12,7,10,1053,4,6,5,1485,4,99,NA
4,3,15,1.91,3,3,2,0,397,405,11,5,10,2386,4,3,5,3587,2,148,NA
4,3,15,1.91,4,4,2,0,394,402,11,6,8,1887,9,5,7,2621,3,196,NA
4,3,15,1.91,5,5,1,0,393,402,12,6,6,1653,1,2,7,4189,5,248,NA
4,3,15,1.91,6,6,2,1,392,402,12,8,2,2953,2,5,7,1020,7,299,NA
4,3,15,1.91,7,7,1,0,391,394,4,6,8,2721,8,6,4,851,1,349,NA
4,3,15,1.91,8,8,2,0,387,397,12,5,10,5789,5,2,6,1620,4,399,NA
4,3,15,1.91,9,9,1,0,386,398,12,8,7,1521,3,8,3,4206,1,448,NA
4,3,16,1.91,0,0,2,0,402,406,5,5,8,1952,7,2,0,1453,5,0,NA
4,3,16,1.91,1,1,1,1,397,404,9,8,4,2053,4,5,3,1052,3,49,NA
4,3,16,1.91,2,2,2,0,396,403,9,5,10,2120,5,7,5,1486,5,97,NA
4,3,16,1.91,3,3,1,0,398,403,7,8,9,1554,7,5,4,1954,6,147,NA
4,3,16,1.91,4,4,2,0,397,404,9,9,9,1352,4,3,5,1670,1,199,NA
4,3,16,1.91,5,5,1,0,395,401,8,9,6,2353,6,6,4,2420,1,250,NA
4,3,16,1.91,6,6,2,0,392,399,9,4,8,3288,3,8,3,3906,3,298,NA
4,3,16,1.91,7,7,1,0,392,398,8,7,8,1285,9,2,7,4055,4,349,NA
4,3,16,1.91,8,8,1,0,381,395,12,6,7,3521,6,8,6,1352,2,398,NA
4,3,16,1.91,9,9,2,0,390,397,9,3,10,2421,11,4,10,2336,8,448,NA
4,3,17,1.91,0,0,1,0,393,398,7,7,9,3120,3,7,5,1869,4,0,NA
4,3,17,1.91,1,1,1,0,393,401,11,4,7,1719,5,4,8,2704,4,48,NA
4,3,17,1.91,2,2,2,1,393,400,9,6,3,2454,3,3,1,1018,1,99,NA
4,3,17,1.91,3,3,2,0,392,400,11,9,8,519,11,7,9,2721,4,148,NA
4,3,17,1.91,4,4,2,0,394,399,7,7,11,3356,3,5,6,4122,2,199,NA
4,3,17,1.91,5,5,1,0,382,396,12,6,8,1086,9,8,6,2119,6,250,NA
4,3,17,1.91,6,6,1,0,391,398,9,8,10,3454,8,7,2,1736,6,299,NA
4,3,17,1.91,7,7,1,0,387,394,9,9,5,1454,5,3,4,2986,3,348,NA
4,3,17,1.91,8,8,2,0,388,396,11,4,10,3989,2,8,8,3756,7,398,NA
4,3,17,1.91,9,9,2,0,388,395,9,9,9,1485,5,5,6,3488,6,450,NA
4,3,18,1.91,0,0,2,0,384,391,10,6,10,2654,7,8,6,2454,3,0,NA
4,3,18,1.91,1,1,2,0,384,391,10,7,10,2854,4,2,7,2872,3,51,NA
4,3,18,1.91,2,2,1,0,389,396,9,4,7,2186,2,2,5,3238,9,103,NA
4,3,18,1.91,3,3,1,0,392,397,7,4,5,1419,8,8,6,1669,5,152,NA
4,3,18,1.91,4,4,1,1,390,398,11,6,10,2369,10,2,8,2604,8,201,NA
4,3,18,1.91,5,5,1,0,391,396,7,9,7,1753,11,7,8,1319,4,250,NA
4,3,18,1.91,6,6,2,0,393,398,7,6,9,1586,8,7,7,1719,7,300,NA
4,3,18,1.91,7,7,2,0,393,400,9,8,9,1520,5,5,8,2054,2,349,NA
4,3,18,1.91,8,8,2,0,391,398,9,9,7,5322,4,8,0,3887,2,401,NA
4,3,18,1.91,9,9,1,0,389,394,7,9,5,2121,2,7,7,1352,3,449,NA
5,1,1,1.52,0,0,1,0,444,450,9,7,4,2404,5,3,2,4671,3,0,NA
5,1,1,1.52,1,1,1,0,441,445,6,4,7,4020,6,3,2,670,6,49,NA
5,1,1,1.52,2,2,2,0,442,450,12,6,8,1603,1,8,6,1437,1,99,NA
5,1,1,1.52,3,3,1,0,443,449,9,5,6,3153,11,2,5,1402,5,150,NA
5,1,1,1.52,4,4,2,0,443,447,6,3,9,2805,11,2,7,2036,5,198,NA
5,1,1,1.52,5,5,1,0,441,446,7,5,7,1919,3,6,4,736,4,248,NA
5,1,1,1.52,6,6,1,0,447,447,0,6,5,3421,4,2,4,2170,6,299,NA
5,1,1,1.52,7,7,2,1,445,449,6,7,3,2170,3,2,3,668,3,348,NA
5,1,1,1.52,8,8,2,0,441,450,12,7,10,1937,8,5,8,1970,2,397,NA
5,1,1,1.52,9,9,2,0,441,448,10,6,10,3172,11,8,7,1002,1,448,NA
5,1,2,1.52,0,0,1,0,447,450,4,4,7,1369,10,4,5,1736,3,0,NA
5,1,2,1.52,1,1,2,0,447,451,6,7,8,636,10,5,6,1135,4,50,NA
5,1,2,1.52,2,2,1,0,444,453,12,8,6,2820,6,8,7,668,2,100,NA
5,1,2,1.52,3,3,2,0,446,452,9,6,8,1136,3,2,4,1570,9,148,NA
5,1,2,1.52,4,4,1,0,444,450,9,5,7,1085,11,8,4,1536,8,199,NA
5,1,2,1.52,5,5,2,0,444,449,7,8,9,869,11,6,6,1771,9,248,NA
5,1,2,1.52,6,6,2,0,445,449,6,7,8,1504,7,7,5,1604,8,299,NA
5,1,2,1.52,7,7,1,0,442,448,9,7,7,1318,4,6,5,568,6,351,NA
5,1,2,1.52,8,8,2,0,443,452,12,6,9,1437,2,3,6,2571,2,399,NA
5,1,2,1.52,9,9,1,1,444,448,6,9,6,1620,6,8,7,768,7,450,NA
5,1,3,1.52,0,0,1,0,444,453,12,5,8,2304,11,5,6,1669,1,0,NA
5,1,3,1.52,1,1,1,0,445,447,3,3,8,2553,5,3,5,2003,8,50,NA
5,1,3,1.52,2,2,2,0,446,451,7,9,9,1102,6,6,6,1135,3,99,NA
5,1,3,1.52,3,3,2,0,447,453,9,3,8,2420,3,3,4,1101,5,148,NA
5,1,3,1.52,4,4,2,0,443,452,12,4,9,4973,3,3,6,1670,5,196,NA
5,1,3,1.52,5,5,1,0,445,450,7,9,5,2353,4,4,4,1303,4,248,NA
5,1,3,1.52,6,6,2,1,441,449,12,6,1,2553,1,6,8,803,8,299,NA
5,1,3,1.52,7,7,1,0,447,452,7,4,5,1236,10,5,6,1568,2,349,NA
5,1,3,1.52,8,8,2,0,446,453,10,9,10,2152,1,4,6,1436,5,399,NA
5,1,3,1.52,9,9,1,0,445,450,7,7,6,2871,11,8,5,2971,2,448,NA
5,1,4,1.52,0,0,2,0,452,457,7,5,10,2586,9,4,6,1870,8,0,NA
5,1,4,1.52,1,1,1,1,450,455,7,4,10,2353,10,3,3,1368,3,49,NA
5,1,4,1.52,2,2,2,0,456,455,0,5,8,1637,9,4,4,1435,9,97,NA
5,1,4,1.52,3,3,1,0,456,461,7,9,5,1470,6,3,4,1003,2,147,NA
5,1,4,1.52,4,4,2,0,461,465,6,7,7,1736,5,7,4,2438,9,199,NA
5,1,4,1.52,5,5,1,0,452,460,12,6,5,2253,5,4,4,2937,8,250,NA
5,1,4,1.52,6,6,2,0,453,457,6,6,8,1503,8,5,4,620,7,298,NA
5,1,4,1.52,7,7,1,0,455,453,0,9,5,2253,9,2,3,1236,4,349,NA
5,1,4,1.52,8,8,1,0,451,458,10,6,4,1919,4,8,3,2203,2,398,NA
5,1,4,1.52,9,9,2,0,456,461,7,5,8,1837,2,3,2,2036,1,448,NA
5,1,5,1.52,0,0,1,0,469,475,8,7,7,2753,1,6,4,4171,4,0,NA
5,1,5,1.52,1,1,1,0,472,477,7,3,5,1603,5,6,3,2304,5,48,NA
5,1,5,1.52,2,2,2,1,474,479,7,8,11,1820,11,3,2,734,2,99,NA
5,1,5,1.52,3,3,2,0,472,484,12,8,8,2070,2,8,7,970,6,148,NA
5,1,5,1.52,4,4,2,0,473,481,11,4,10,2804,4,4,6,2303,9,199,NA
5,1,5,1.52,5,5,1,0,476,483,10,7,7,1669,1,3,4,1769,3,250,NA
5,1,5,1.52,6,6,1,0,478,480,3,3,8,3120,9,2,3,1136,3,299,NA
5,1,5,1.52,7,7,1,0,471,479,11,5,5,2238,2,4,4,1102,7,348,NA
5,1,5,1.52,8,8,2,0,474,478,6,3,8,1838,7,5,3,2672,6,398,NA
5,1,5,1.52,9,9,2,0,479,476,0,6,8,2220,5,3,2,368,6,450,NA
5,1,6,1.52,0,0,2,0,473,475,3,8,8,1270,3,3,4,1103,3,0,NA
5,1,6,1.52,1,1,2,0,475,481,8,3,7,1704,4,7,3,1403,9,51,NA
5,1,6,1.52,2,2,1,0,472,478,8,3,5,1853,10,7,5,1436,7,103,NA
5,1,6,1.52,3,3,1,0,472,477,7,7,7,2470,10,6,5,2570,1,152,NA
5,1,6,1.52,4,4,1,1,470,476,8,9,5,1552,5,8,1,2137,1,201,NA
5,1,6,1.52,5,5,1,0,471,476,7,9,7,1953,10,5,5,2270,2,250,NA
5,1,6,1.52,6,6,2,0,472,478,8,3,8,3520,7,5,6,1169,5,300,NA
5,1,6,1.52,7,7,2,0,472,478,8,3,9,3572,7,7,6,736,2,349,NA
5,1,6,1.52,8,8,2,0,471,478,10,3,9,2552,4,4,6,901,4,401,NA
5,1,6,1.52,9,9,1,0,473,472,0,5,5,2371,2,4,6,1135,4,449,NA
5,2,7,2.24,0,0,1,0,507,512,4,9,5,2170,8,2,2,835,2,0,NA
5,2,7,2.24,1,1,1,0,503,512,8,9,5,1685,11,3,4,1370,4,49,NA
5,2,7,2.24,2,2,2,0,503,512,8,4,8,1970,10,8,5,1170,3,99,NA
5,2,7,2.24,3,3,1,0,506,513,6,4,7,4688,7,7,6,501,5,150,NA
5,2,7,2.24,4,4,2,0,503,514,10,4,9,1671,7,6,6,802,9,198,NA
5,2,7,2.24,5,5,1,0,505,513,7,5,7,1637,6,3,5,1370,3,248,NA
5,2,7,2.24,6,6,1,0,507,512,4,9,6,2753,7,7,5,835,8,299,NA
5,2,7,2.24,7,7,2,1,506,514,7,7,6,1185,6,2,3,701,3,348,NA
5,2,7,2.24,8,8,2,0,504,511,6,9,8,703,4,8,6,1103,6,397,NA
5,2,7,2.24,9,9,2,0,504,514,9,4,7,1270,5,2,5,1870,2,448,NA
5,2,8,2.24,0,0,1,0,510,514,4,8,5,1570,6,5,4,836,6,0,NA
5,2,8,2.24,1,1,2,0,504,514,9,8,7,703,8,2,6,1736,9,50,NA
5,2,8,2.24,2,2,1,0,506,512,5,5,6,2686,3,2,5,1469,1,100,NA
5,2,8,2.24,3,3,2,0,503,515,11,3,8,1736,11,7,7,1204,2,148,NA
5,2,8,2.24,4,4,1,0,507,514,6,3,5,1686,8,2,6,1669,1,199,NA
5,2,8,2.24,5,5,2,0,505,516,10,6,9,2337,2,6,6,1321,6,248,NA
5,2,8,2.24,6,6,2,0,507,515,7,8,8,1070,6,8,5,1220,9,299,NA
5,2,8,2.24,7,7,1,0,507,514,6,5,7,1452,11,3,4,734,8,351,NA
5,2,8,2.24,8,8,2,0,507,515,7,5,8,1570,7,8,5,1569,1,399,NA
5,2,8,2.24,9,9,1,1,506,514,7,7,4,1319,4,2,4,835,4,450,NA
5,2,9,2.24,0,0,1,0,507,514,6,8,5,1303,8,7,5,1536,9,0,NA
5,2,9,2.24,1,1,1,0,507,513,5,6,5,1418,9,2,6,1569,2,50,NA
5,2,9,2.24,2,2,2,0,506,515,8,7,9,1119,1,5,6,2603,1,99,NA
5,2,9,2.24,3,3,2,0,507,512,4,7,7,1085,5,7,7,2003,6,148,NA
5,2,9,2.24,4,4,2,0,507,514,6,6,10,1437,1,6,6,1321,8,196,NA
5,2,9,2.24,5,5,1,0,501,511,9,3,7,3772,5,3,5,1587,5,248,NA
5,2,9,2.24,6,6,2,1,511,515,3,7,4,1519,4,2,5,1203,5,299,NA
5,2,9,2.24,7,7,1,0,509,514,4,7,5,1771,8,6,5,1469,9,349,NA
5,2,9,2.24,8,8,2,0,507,518,10,7,9,2452,8,4,5,769,9,399,NA
5,2,9,2.24,9,9,1,0,505,514,8,5,5,1103,7,7,6,1337,8,448,NA
5,2,10,2.24,0,0,2,0,506,514,7,8,8,1251,8,7,6,669,3,0,NA
5,2,10,2.24,1,1,1,1,506,510,4,5,5,1652,5,4,7,1169,7,49,NA
5,2,10,2.24,2,2,2,0,504,512,7,4,7,1637,6,4,4,1035,1,97,NA
5,2,10,2.24,3,3,1,0,504,512,7,5,6,1070,7,3,6,1670,8,147,NA
5,2,10,2.24,4,4,2,0,503,515,11,5,8,1352,6,5,6,869,2,199,NA
5,2,10,2.24,5,5,1,0,505,513,7,5,6,652,11,2,5,1902,9,250,NA
5,2,10,2.24,6,6,2,0,508,514,5,9,10,1603,3,4,5,703,1,298,NA
5,2,10,2.24,7,7,1,0,505,512,6,3,6,1786,5,3,4,736,7,349,NA
5,2,10,2.24,8,8,1,0,508,514,5,7,5,1670,11,3,6,2971,8,398,NA
5,2,10,2.24,9,9,2,0,505,515,9,8,10,1603,9,4,5,1002,4,448,NA
5,2,11,2.24,0,0,1,0,502,511,8,3,6,2353,7,3,5,1269,1,0,NA
5,2,11,2.24,1,1,1,0,506,508,2,8,5,1553,5,6,6,2104,4,48,NA
5,2,11,2.24,2,2,2,1,503,513,9,3,10,2353,10,7,3,1802,3,99,NA
5,2,11,2.24,3,3,2,0,508,513,4,7,8,669,9,3,7,1737,2,148,NA
5,2,11,2.24,4,4,2,0,508,515,6,6,9,1170,10,8,6,902,2,199,NA
5,2,11,2.24,5,5,1,0,507,513,5,8,7,2737,4,8,5,1936,2,250,NA
5,2,11,2.24,6,6,1,0,504,514,9,5,7,2753,6,3,5,1903,4,299,NA
5,2,11,2.24,7,7,1,0,505,512,6,4,4,1070,8,2,4,2736,7,348,NA
5,2,11,2.24,8,8,2,0,504,515,10,8,8,836,9,2,6,2071,6,398,NA
5,2,11,2.24,9,9,2,0,502,514,11,5,8,1952,1,5,7,936,8,450,NA
5,2,12,2.24,0,0,2,0,506,514,7,7,7,1169,11,2,6,2688,7,0,NA
5,2,12,2.24,1,1,2,0,509,514,4,3,7,1471,3,7,7,1070,6,51,NA
5,2,12,2.24,2,2,1,0,509,513,4,8,5,1419,1,2,5,1469,2,103,NA
5,2,12,2.24,3,3,1,0,510,514,4,8,5,969,6,3,5,1001,9,152,NA
5,2,12,2.24,4,4,1,1,509,515,5,3,5,1185,5,8,6,1003,6,201,NA
5,2,12,2.24,5,5,1,0,509,514,4,7,4,1036,8,4,5,1837,5,250,NA
5,2,12,2.24,6,6,2,0,507,511,4,5,7,1719,4,2,3,802,6,300,NA
5,2,12,2.24,7,7,2,0,502,514,11,6,8,870,9,7,5,1454,2,349,NA
5,2,12,2.24,8,8,2,0,505,513,7,7,8,1252,7,7,6,568,4,401,NA
5,2,12,2.24,9,9,1,0,504,513,8,8,5,1937,11,8,6,835,6,449,NA
5,3,13,2.28,0,0,1,0,494,500,5,6,7,1553,11,3,4,568,8,0,NA
5,3,13,2.28,1,1,1,0,492,501,8,8,7,752,9,8,5,1470,4,49,NA
5,3,13,2.28,2,2,2,0,495,504,8,8,8,1803,10,6,6,1771,2,99,NA
5,3,13,2.28,3,3,1,0,494,500,5,6,5,618,9,8,4,2069,5,150,NA
5,3,13,2.28,4,4,2,0,491,502,10,6,9,1303,3,7,6,769,1,198,NA
5,3,13,2.28,5,5,1,0,496,497,1,9,5,1753,9,4,6,1170,5,248,NA
5,3,13,2.28,6,6,1,0,490,496,5,5,4,851,6,2,4,1703,4,299,NA
5,3,13,2.28,7,7,2,1,494,501,6,5,1,1703,1,3,6,1335,6,348,NA
5,3,13,2.28,8,8,2,0,491,501,9,4,8,1470,1,4,6,969,7,397,NA
5,3,13,2.28,9,9,2,0,491,501,9,8,7,603,10,7,5,1203,8,448,NA
5,3,14,2.28,0,0,1,0,493,498,4,3,5,1236,3,7,4,1236,5,0,NA
5,3,14,2.28,1,1,2,0,491,498,6,4,8,1837,3,5,6,1435,2,50,NA
5,3,14,2.28,2,2,1,0,491,497,5,5,5,1352,8,3,4,768,5,100,NA
5,3,14,2.28,3,3,2,0,489,498,8,7,7,1202,9,3,5,870,4,148,NA
5,3,14,2.28,4,4,1,0,490,495,4,4,5,685,6,3,5,1603,7,199,NA
5,3,14,2.28,5,5,2,0,490,495,4,7,8,736,9,6,5,636,8,248,NA
5,3,14,2.28,6,6,2,0,489,498,8,4,9,1837,10,2,6,1803,6,299,NA
5,3,14,2.28,7,7,1,0,490,494,4,9,4,2152,9,6,5,902,6,351,NA
5,3,14,2.28,8,8,2,0,490,496,5,4,8,1771,4,7,6,836,3,399,NA
5,3,14,2.28,9,9,1,1,492,494,2,3,8,1953,8,3,8,1903,8,450,NA
5,3,15,2.28,0,0,1,0,504,509,4,6,6,1103,4,5,4,502,8,0,NA
5,3,15,2.28,1,1,1,0,501,508,6,7,6,685,7,5,4,1235,6,50,NA
5,3,15,2.28,2,2,2,0,504,511,6,4,6,952,9,2,4,1068,9,99,NA
5,3,15,2.28,3,3,2,0,503,515,10,9,8,585,7,7,4,1603,8,148,NA
5,3,15,2.28,4,4,2,0,503,510,6,8,9,703,11,3,6,1637,2,196,NA
5,3,15,2.28,5,5,1,0,505,513,7,3,6,1186,1,7,6,1837,3,248,NA
5,3,15,2.28,6,6,2,1,506,512,5,8,2,2252,2,8,9,770,9,299,NA
5,3,15,2.28,7,7,1,0,508,515,6,8,5,1103,2,7,6,3170,5,349,NA
5,3,15,2.28,8,8,2,0,507,515,7,5,7,852,5,7,5,1203,5,399,NA
5,3,15,2.28,9,9,1,0,509,518,8,3,6,1337,5,4,5,869,3,448,NA
5,3,16,2.28,0,0,2,0,502,510,7,3,8,1953,10,7,6,835,3,0,NA
5,3,16,2.28,1,1,1,1,500,508,7,5,1,1619,1,6,5,802,5,49,NA
5,3,16,2.28,2,2,2,0,504,512,7,7,8,969,10,5,6,1236,2,97,NA
5,3,16,2.28,3,3,1,0,505,510,4,9,5,1437,6,7,6,670,2,147,NA
5,3,16,2.28,4,4,2,0,504,517,11,7,8,502,2,7,5,1470,2,199,NA
5,3,16,2.28,5,5,1,0,509,515,5,8,4,2319,7,2,4,1302,8,250,NA
5,3,16,2.28,6,6,2,0,509,515,5,5,9,2104,8,3,7,1503,7,298,NA
5,3,16,2.28,7,7,1,0,508,511,3,6,5,2986,2,8,7,669,9,349,NA
5,3,16,2.28,8,8,1,0,510,512,2,5,6,1736,11,6,4,902,2,398,NA
5,3,16,2.28,9,9,2,0,509,519,9,4,8,1904,11,8,6,1035,9,448,NA
5,3,17,2.28,0,0,1,0,489,495,5,8,5,1051,7,4,4,1602,6,0,NA
5,3,17,2.28,1,1,1,0,486,490,4,9,4,1470,1,4,5,603,3,48,NA
5,3,17,2.28,2,2,2,1,485,489,4,8,6,1252,6,3,1,1035,1,99,NA
5,3,17,2.28,3,3,2,0,489,494,4,4,8,1570,11,3,5,1170,1,148,NA
5,3,17,2.28,4,4,2,0,490,493,3,7,7,970,5,2,3,2304,2,199,NA
5,3,17,2.28,5,5,1,0,488,493,4,5,6,903,7,5,3,2169,8,250,NA
5,3,17,2.28,6,6,1,0,488,493,4,4,6,885,1,2,2,1603,5,299,NA
5,3,17,2.28,7,7,1,0,487,497,9,6,4,1104,2,6,3,1202,9,348,NA
5,3,17,2.28,8,8,2,0,488,496,7,3,8,3371,8,3,4,1154,8,398,NA
5,3,17,2.28,9,9,2,0,488,496,7,6,8,1151,7,2,5,1002,8,450,NA
5,3,18,2.28,0,0,2,0,489,495,5,5,8,1652,9,2,4,1070,1,0,NA
5,3,18,2.28,1,1,2,0,487,494,6,3,7,1370,8,8,4,1937,2,51,NA
5,3,18,2.28,2,2,1,0,482,495,12,3,6,1118,2,8,3,3538,9,103,NA
5,3,18,2.28,3,3,1,0,489,493,4,9,7,1403,4,6,2,1535,9,152,NA
5,3,18,2.28,4,4,1,1,489,495,5,9,9,1485,9,5,7,802,7,201,NA
5,3,18,2.28,5,5,1,0,488,492,4,7,7,1036,6,3,4,2670,9,250,NA
5,3,18,2.28,6,6,2,0,488,495,6,5,7,1469,3,8,4,2270,1,300,NA
5,3,18,2.28,7,7,2,0,486,496,9,4,8,1170,6,6,4,2104,1,349,NA
5,3,18,2.28,8,8,2,0,487,497,9,4,8,1152,7,3,6,968,3,401,NA
5,3,18,2.28,9,9,1,0,490,493,3,4,5,603,4,5,5,1135,2,449,NA
6,1,1,2.76,0,0,1,0,386,396,9,3,-1,-1,10,5,5,5839,1,0,NA
6,1,1,2.76,1,1,1,0,387,399,11,7,-1,-1,3,8,7,636,8,49,NA
6,1,1,2.76,2,2,2,0,385,400,12,4,-1,-1,1,8,6,2805,4,99,NA
6,1,1,2.76,3,3,1,0,391,400,8,8,-1,-1,7,8,6,2670,1,150,NA
6,1,1,2.76,4,4,2,0,390,401,10,8,8,4973,8,8,6,1169,5,198,NA
6,1,1,2.76,5,5,1,0,389,399,9,8,6,1737,9,7,7,1687,7,248,NA
6,1,1,2.76,6,6,1,0,387,401,12,5,6,1753,8,4,6,869,4,299,NA
6,1,1,2.76,7,7,2,1,388,401,12,6,1,1903,1,8,4,1168,4,348,NA
6,1,1,2.76,8,8,2,0,389,397,7,9,8,2371,8,8,6,2003,8,397,NA
6,1,1,2.76,9,9,2,0,390,396,6,6,9,1404,6,4,8,1770,2,448,NA
6,1,2,2.76,0,0,1,0,388,398,9,5,6,1036,4,8,4,1602,6,0,NA
6,1,2,2.76,1,1,2,0,390,397,7,5,9,1570,2,4,7,1735,8,50,NA
6,1,2,2.76,2,2,1,0,387,396,8,9,6,1218,7,7,4,1269,2,100,NA
6,1,2,2.76,3,3,2,0,381,396,12,9,9,1003,9,8,5,4023,9,148,NA
6,1,2,2.76,4,4,1,0,385,394,8,3,6,1386,4,4,3,1136,2,199,NA
6,1,2,2.76,5,5,2,0,382,396,12,4,9,1603,5,3,5,1370,6,248,NA
6,1,2,2.76,6,6,2,0,387,399,11,5,9,1403,11,6,4,1036,3,299,NA
6,1,2,2.76,7,7,1,0,390,398,7,4,6,1452,3,8,4,3170,7,351,NA
6,1,2,2.76,8,8,2,0,386,399,12,6,9,836,4,7,5,702,8,399,NA
6,1,2,2.76,9,9,1,1,392,398,6,7,8,819,8,3,1,768,1,450,NA
6,1,3,2.76,0,0,1,0,391,396,5,8,6,919,8,4,3,2437,8,0,NA
6,1,3,2.76,1,1,1,0,387,395,7,5,6,818,10,6,5,703,1,50,NA
6,1,3,2.76,2,2,2,0,382,394,11,5,9,1452,5,6,3,2869,2,99,NA
6,1,3,2.76,3,3,2,0,384,393,8,4,9,3653,1,8,4,2403,8,148,NA
6,1,3,2.76,4,4,2,0,384,392,8,4,9,1504,8,6,5,1537,9,196,NA
6,1,3,2.76,5,5,1,0,383,394,10,4,6,669,5,4,5,470,6,248,NA
6,1,3,2.76,6,6,2,1,380,393,12,4,2,1085,2,7,9,1220,9,299,NA
6,1,3,2.76,7,7,1,0,385,391,6,6,6,803,4,4,4,2936,4,349,NA
6,1,3,2.76,8,8,2,0,380,392,11,7,9,985,4,4,5,602,6,399,NA
6,1,3,2.76,9,9,1,0,376,392,12,8,6,703,8,6,5,703,5,448,NA
6,1,4,2.76,0,0,2,0,380,391,10,3,9,2119,6,4,3,2103,8,0,NA
6,1,4,2.76,1,1,1,1,371,393,12,7,6,885,6,4,7,1301,7,49,NA
6,1,4,2.76,2,2,2,0,381,391,10,9,9,1070,5,3,4,2569,9,97,NA
6,1,4,2.76,3,3,1,0,387,392,5,9,6,1170,5,4,4,2738,4,147,NA
6,1,4,2.76,4,4,2,0,386,396,9,6,9,952,11,6,4,2638,3,199,NA
6,1,4,2.76,5,5,1,0,384,396,11,3,6,1585,5,2,4,1001,4,250,NA
6,1,4,2.76,6,6,2,0,387,391,4,5,9,1103,1,7,5,1554,2,298,NA
6,1,4,2.76,7,7,1,0,381,394,12,6,6,1085,8,6,3,1436,4,349,NA
6,1,4,2.76,8,8,1,0,381,393,11,6,6,869,6,4,2,902,8,398,NA
6,1,4,2.76,9,9,2,0,384,391,7,5,9,1471,9,4,3,535,5,448,NA
6,1,5,2.76,0,0,1,0,384,399,12,7,6,818,5,5,4,1269,3,0,NA
6,1,5,2.76,1,1,1,0,398,399,1,9,6,1352,7,4,2,1270,4,48,NA
6,1,5,2.76,2,2,2,1,393,399,6,7,10,853,10,4,8,1202,8,99,NA
6,1,5,2.76,3,3,2,0,394,399,5,6,9,1036,6,3,4,536,8,148,NA
6,1,5,2.76,4,4,2,0,384,394,9,7,9,869,8,5,4,1069,1,199,NA
6,1,5,2.76,5,5,1,0,389,399,9,3,6,952,8,3,2,1835,8,250,NA
6,1,5,2.76,6,6,1,0,391,396,5,7,5,3620,6,3,3,2003,1,299,NA
6,1,5,2.76,7,7,1,0,383,396,12,4,6,870,1,8,5,1235,9,348,NA
6,1,5,2.76,8,8,2,0,391,391,0,7,10,2404,4,4,3,2655,3,398,NA
6,1,5,2.76,9,9,2,0,391,401,9,9,10,2753,2,7,4,1904,9,450,NA
6,1,6,2.76,0,0,2,0,395,400,5,7,9,1469,9,3,5,1304,4,0,NA
6,1,6,2.76,1,1,2,0,393,402,8,7,9,570,11,5,4,936,4,51,NA
6,1,6,2.76,2,2,1,0,395,401,6,5,6,451,10,4,2,769,1,103,NA
6,1,6,2.76,3,3,1,0,391,401,9,6,6,869,5,7,4,1769,3,152,NA
6,1,6,2.76,4,4,1,1,394,398,4,6,2,1486,2,5,5,935,5,201,NA
6,1,6,2.76,5,5,1,0,391,396,5,5,6,668,2,7,4,1169,9,250,NA
6,1,6,2.76,6,6,2,0,391,398,6,7,9,651,3,3,2,569,6,300,NA
6,1,6,2.76,7,7,2,0,388,398,9,6,9,970,2,8,4,3472,6,349,NA
6,1,6,2.76,8,8,2,0,386,399,12,4,9,1886,11,5,5,1436,8,401,NA
6,1,6,2.76,9,9,1,0,391,402,10,3,5,2371,11,2,4,2236,8,449,NA
6,2,7,4.09,0,0,1,0,380,391,7,4,5,1136,1,4,4,1169,5,0,NA
6,2,7,4.09,1,1,1,0,382,394,8,4,6,1118,6,7,5,770,9,49,NA
6,2,7,4.09,2,2,2,0,385,398,8,6,9,869,4,3,6,936,3,99,NA
6,2,7,4.09,3,3,1,0,375,393,12,9,6,1185,5,2,6,1269,7,150,NA
6,2,7,4.09,4,4,2,0,385,398,8,5,9,1136,3,5,6,468,3,198,NA
6,2,7,4.09,5,5,1,0,385,394,6,5,6,635,11,2,5,2038,3,248,NA
6,2,7,4.09,6,6,1,0,383,396,8,3,6,1052,2,3,6,1669,8,299,NA
6,2,7,4.09,7,7,2,1,380,395,10,9,1,2237,1,7,6,501,6,348,NA
6,2,7,4.09,8,8,2,0,378,394,10,3,9,1937,3,7,6,836,9,397,NA
6,2,7,4.09,9,9,2,0,380,394,9,3,9,1504,11,5,7,1203,6,448,NA
6,2,8,4.09,0,0,1,0,384,401,11,3,6,952,11,8,7,602,2,0,NA
6,2,8,4.09,1,1,2,0,391,404,8,4,9,1304,9,5,6,902,6,50,NA
6,2,8,4.09,2,2,1,0,385,397,8,9,6,1452,6,3,6,2036,5,100,NA
6,2,8,4.09,3,3,2,0,386,396,6,3,9,1569,5,7,7,1404,6,148,NA
6,2,8,4.09,4,4,1,0,391,401,6,3,6,1152,5,6,5,2704,3,199,NA
6,2,8,4.09,5,5,2,0,386,401,10,8,9,669,5,6,8,2638,5,248,NA
6,2,8,4.09,6,6,2,0,388,404,10,5,9,1136,5,4,8,1537,3,299,NA
6,2,8,4.09,7,7,1,0,388,404,10,3,6,1019,4,3,4,668,4,351,NA
6,2,8,4.09,8,8,2,0,393,410,11,5,9,1104,6,6,6,1637,9,399,NA
6,2,8,4.09,9,9,1,1,386,406,12,9,11,1053,11,3,1,1402,1,450,NA
6,2,9,4.09,0,0,1,0,385,391,4,8,5,2437,5,8,6,1203,9,0,NA
6,2,9,4.09,1,1,1,0,381,392,7,9,6,918,10,5,6,1202,6,50,NA
6,2,9,4.09,2,2,2,0,378,395,11,5,9,1069,7,3,7,1336,1,99,NA
6,2,9,4.09,3,3,2,0,363,367,3,7,9,1319,9,6,6,1068,1,148,NA
6,2,9,4.09,4,4,2,0,374,387,8,9,9,937,5,2,7,1304,4,196,NA
6,2,9,4.09,5,5,1,0,374,385,7,6,6,1803,7,2,6,1587,8,248,NA
6,2,9,4.09,6,6,2,1,368,382,9,7,5,952,5,3,5,1303,5,299,NA
6,2,9,4.09,7,7,1,0,368,380,8,6,6,936,5,6,7,1335,9,349,NA
6,2,9,4.09,8,8,2,0,363,373,7,8,9,418,7,8,8,1069,8,399,NA
6,2,9,4.09,9,9,1,0,358,370,8,8,6,870,9,8,6,1487,2,448,NA
6,2,10,4.09,0,0,2,0,386,400,9,9,10,2486,8,3,7,1103,1,0,NA
6,2,10,4.09,1,1,1,1,385,394,6,4,11,2419,11,8,3,1402,3,49,NA
6,2,10,4.09,2,2,2,0,383,398,10,5,9,1037,3,5,7,635,7,97,NA
6,2,10,4.09,3,3,1,0,385,396,7,7,6,502,4,2,7,2371,7,147,NA
6,2,10,4.09,4,4,2,0,383,398,10,4,8,1386,10,7,6,1370,9,199,NA
6,2,10,4.09,5,5,1,0,376,398,12,7,6,802,10,3,7,2069,6,250,NA
6,2,10,4.09,6,6,2,0,387,399,8,4,9,1603,3,5,6,787,7,298,NA
6,2,10,4.09,7,7,1,0,388,402,9,5,7,1019,4,6,4,1035,1,349,NA
6,2,10,4.09,8,8,1,0,387,401,9,5,6,635,7,2,6,1069,1,398,NA
6,2,10,4.09,9,9,2,0,390,406,10,7,9,703,10,7,8,2103,3,448,NA
6,2,11,4.09,0,0,1,0,387,396,6,3,7,3788,3,6,5,834,5,0,NA
6,2,11,4.09,1,1,1,0,378,389,7,7,6,502,10,3,6,1404,3,48,NA
6,2,11,4.09,2,2,2,1,378,395,11,9,4,1403,4,3,7,1069,7,99,NA
6,2,11,4.09,3,3,2,0,372,396,12,9,9,885,2,3,7,1136,6,148,NA
6,2,11,4.09,4,4,2,0,378,394,10,7,8,636,3,3,6,1069,6,199,NA
6,2,11,4.09,5,5,1,0,384,393,6,5,6,502,5,8,7,2403,4,250,NA
6,2,11,4.09,6,6,1,0,385,392,4,5,6,618,2,7,8,3638,5,299,NA
6,2,11,4.09,7,7,1,0,383,393,6,6,6,669,10,4,6,1502,7,348,NA
6,2,11,4.09,8,8,2,0,384,390,4,8,10,3472,2,4,6,2438,6,398,NA
6,2,11,4.09,9,9,2,0,367,394,12,6,9,1352,6,5,6,536,7,450,NA
6,2,12,4.09,0,0,2,0,388,397,6,8,9,618,4,3,7,1236,5,0,NA
6,2,12,4.09,1,1,2,0,381,396,10,9,9,970,1,4,7,1070,5,51,NA
6,2,12,4.09,2,2,1,0,383,393,6,5,6,651,9,4,7,902,6,103,NA
6,2,12,4.09,3,3,1,0,383,392,6,8,6,702,7,4,7,1302,7,152,NA
6,2,12,4.09,4,4,1,1,385,393,5,3,2,784,2,8,9,502,9,201,NA
6,2,12,4.09,5,5,1,0,383,392,6,9,6,1136,11,5,8,969,7,250,NA
6,2,12,4.09,6,6,2,0,392,405,8,5,9,1052,3,3,5,802,1,300,NA
6,2,12,4.09,7,7,2,0,392,400,5,5,9,1070,4,5,6,970,9,349,NA
6,2,12,4.09,8,8,2,0,374,382,5,3,9,1418,8,8,6,2403,9,401,NA
6,2,12,4.09,9,9,1,0,367,379,8,8,6,736,3,2,7,1235,9,449,NA
6,3,13,2.14,0,0,1,0,410,416,7,5,6,602,2,5,3,1535,5,0,NA
6,3,13,2.14,1,1,1,0,406,413,8,6,6,1652,4,5,4,603,2,49,NA
6,3,13,2.14,2,2,2,0,409,415,7,3,8,3238,5,6,3,2071,9,99,NA
6,3,13,2.14,3,3,1,0,410,416,7,8,6,785,11,3,4,1202,8,150,NA
6,3,13,2.14,4,4,2,0,403,410,8,6,9,1103,2,8,4,2236,2,198,NA
6,3,13,2.14,5,5,1,0,401,407,7,7,6,469,7,4,6,836,9,248,NA
6,3,13,2.14,6,6,1,0,401,407,7,4,6,1585,11,7,4,1502,8,299,NA
6,3,13,2.14,7,7,2,1,400,407,8,7,7,1453,7,2,8,2202,8,348,NA
6,3,13,2.14,8,8,2,0,401,411,12,6,9,1537,4,7,5,1436,7,397,NA
6,3,13,2.14,9,9,2,0,405,412,8,6,10,1537,1,6,7,1269,8,448,NA
6,3,14,2.14,0,0,1,0,413,417,5,8,6,869,9,3,4,1036,1,0,NA
6,3,14,2.14,1,1,2,0,403,416,12,6,9,1503,1,4,5,1668,5,50,NA
6,3,14,2.14,2,2,1,0,409,415,7,7,6,684,10,6,6,1302,6,100,NA
6,3,14,2.14,3,3,2,0,407,415,9,5,9,1152,9,4,6,1270,5,148,NA
6,3,14,2.14,4,4,1,0,407,413,7,4,6,935,1,7,6,702,7,199,NA
6,3,14,2.14,5,5,2,0,405,416,12,7,9,736,6,3,7,2538,6,248,NA
6,3,14,2.14,6,6,2,0,403,415,12,4,9,2071,8,2,4,803,8,299,NA
6,3,14,2.14,7,7,1,0,406,413,8,6,6,1118,4,4,5,935,3,351,NA
6,3,14,2.14,8,8,2,0,407,411,5,5,8,936,2,5,6,1737,5,399,NA
6,3,14,2.14,9,9,1,1,406,412,7,5,4,769,4,2,1,701,1,450,NA
6,3,15,2.14,0,0,1,0,425,428,3,7,6,585,7,3,5,2503,7,0,NA
6,3,15,2.14,1,1,1,0,418,425,8,8,6,1052,9,3,4,602,8,50,NA
6,3,15,2.14,2,2,2,0,414,423,10,3,9,1686,11,2,3,701,1,99,NA
6,3,15,2.14,3,3,2,0,415,421,7,5,9,1152,8,4,5,635,4,148,NA
6,3,15,2.14,4,4,2,0,416,425,10,9,8,570,7,8,4,1054,3,196,NA
6,3,15,2.14,5,5,1,0,415,421,7,5,6,669,9,6,4,1503,7,248,NA
6,3,15,2.14,6,6,2,1,410,421,12,7,5,1018,5,3,3,1103,3,299,NA
6,3,15,2.14,7,7,1,0,414,420,7,9,7,4439,4,4,3,1735,3,349,NA
6,3,15,2.14,8,8,2,0,413,421,9,8,9,652,8,5,6,535,8,399,NA
6,3,15,2.14,9,9,1,0,414,419,6,3,6,1770,7,6,4,1069,2,448,NA
6,3,16,2.14,0,0,2,0,425,432,8,3,10,2219,4,7,5,1203,8,0,NA
6,3,16,2.14,1,1,1,1,418,427,10,5,5,1119,5,7,1,1668,1,49,NA
6,3,16,2.14,2,2,2,0,419,426,8,7,9,669,4,7,6,2002,8,97,NA
6,3,16,2.14,3,3,1,0,417,422,6,7,6,536,8,5,6,3339,3,147,NA
6,3,16,2.14,4,4,2,0,417,427,11,4,9,1636,11,6,6,1370,7,199,NA
6,3,16,2.14,5,5,1,0,417,424,8,7,6,752,2,7,6,834,7,250,NA
6,3,16,2.14,6,6,2,0,416,427,12,3,9,1552,10,7,4,1237,7,298,NA
6,3,16,2.14,7,7,1,0,417,425,9,9,6,1285,2,5,6,669,9,349,NA
6,3,16,2.14,8,8,1,0,415,422,8,4,6,936,6,7,4,1603,5,398,NA
6,3,16,2.14,9,9,2,0,414,421,8,5,9,1370,6,8,6,1168,2,448,NA
6,3,17,2.14,0,0,1,0,430,434,4,9,6,1552,6,5,4,768,8,0,NA
6,3,17,2.14,1,1,1,0,428,434,7,7,6,585,8,3,5,1203,7,48,NA
6,3,17,2.14,2,2,2,1,425,433,9,3,6,1619,6,7,1,2169,1,99,NA
6,3,17,2.14,3,3,2,0,426,437,12,3,9,1436,7,2,7,1688,8,148,NA
6,3,17,2.14,4,4,2,0,428,436,9,4,9,1370,4,2,5,1036,6,199,NA
6,3,17,2.14,5,5,1,0,428,435,8,8,6,1070,4,4,6,768,9,250,NA
6,3,17,2.14,6,6,1,0,427,434,8,9,6,1418,1,7,4,1069,6,299,NA
6,3,17,2.14,7,7,1,0,424,430,7,5,6,570,7,8,4,1202,2,348,NA
6,3,17,2.14,8,8,2,0,425,430,5,9,9,869,4,5,6,1321,3,398,NA
6,3,17,2.14,9,9,2,0,425,436,12,9,9,784,6,2,6,1169,6,450,NA
6,3,18,2.14,0,0,2,0,431,440,10,7,9,736,11,3,4,553,9,0,NA
6,3,18,2.14,1,1,2,0,427,436,10,6,9,969,8,6,5,1638,8,51,NA
6,3,18,2.14,2,2,1,0,426,430,4,6,6,1251,7,2,6,4272,4,103,NA
6,3,18,2.14,3,3,1,0,427,434,8,4,6,1002,2,3,6,1002,7,152,NA
6,3,18,2.14,4,4,1,1,424,432,9,3,5,851,5,5,7,769,7,201,NA
6,3,18,2.14,5,5,1,0,426,432,7,3,6,1636,4,8,4,2403,9,250,NA
6,3,18,2.14,6,6,2,0,428,434,7,4,10,5022,10,8,7,1636,4,300,NA
6,3,18,2.14,7,7,2,0,426,436,11,8,10,1270,4,3,6,1221,9,349,NA
6,3,18,2.14,8,8,2,0,428,434,7,7,9,751,10,5,6,1569,8,401,NA
6,3,18,2.14,9,9,1,0,425,431,7,7,6,470,9,8,4,2303,2,449,NA
7,1,1,1.53,0,0,1,0,354,359,9,6,5,2453,6,3,2,1035,4,0,NA
7,1,1,1.53,1,1,1,0,352,358,11,6,6,4588,8,3,1,2221,1,49,NA
7,1,1,1.53,2,2,2,0,353,360,12,3,10,4521,3,3,2,687,9,99,NA
7,1,1,1.53,3,3,1,0,351,360,12,9,7,3053,9,2,2,1919,3,150,NA
7,1,1,1.53,4,4,2,0,357,359,4,4,9,2555,11,2,2,1252,4,198,NA
7,1,1,1.53,5,5,1,0,356,361,9,8,7,985,9,7,2,2355,4,248,NA
7,1,1,1.53,6,6,1,0,355,359,7,5,7,4788,4,3,1,2420,2,299,NA
7,1,1,1.53,7,7,2,1,355,361,11,8,1,2887,1,2,7,1318,7,348,NA
7,1,1,1.53,8,8,2,0,354,357,6,6,9,953,4,2,3,819,6,397,NA
7,1,1,1.53,9,9,2,0,348,358,12,7,10,2388,3,5,2,1820,9,448,NA
7,1,2,1.53,0,0,1,0,355,357,4,5,6,1153,6,6,2,1686,1,0,NA
7,1,2,1.53,1,1,2,0,351,356,9,7,10,1020,9,7,3,1501,9,50,NA
7,1,2,1.53,2,2,1,0,353,354,2,6,5,1952,10,4,2,1152,2,100,NA
7,1,2,1.53,3,3,2,0,350,356,11,7,9,686,8,2,3,686,5,148,NA
7,1,2,1.53,4,4,1,0,351,358,12,4,5,1552,7,6,2,1036,4,199,NA
7,1,2,1.53,5,5,2,0,350,357,12,4,10,3354,2,6,3,986,6,248,NA
7,1,2,1.53,6,6,2,0,348,351,6,9,9,1320,11,5,3,3021,3,299,NA
7,1,2,1.53,7,7,1,0,354,355,2,5,5,2119,5,3,2,1452,3,351,NA
7,1,2,1.53,8,8,2,0,350,352,4,6,8,1487,2,8,2,2337,3,399,NA
7,1,2,1.53,9,9,1,1,350,351,2,7,3,2320,3,5,2,1035,2,450,NA
7,1,3,1.53,0,0,1,0,357,360,5,7,6,3221,1,3,1,3354,3,0,NA
7,1,3,1.53,1,1,1,0,350,356,11,5,6,1252,1,6,3,1886,8,50,NA
7,1,3,1.53,2,2,2,0,348,356,12,7,8,1620,10,5,2,2820,5,99,NA
7,1,3,1.53,3,3,2,0,350,354,7,5,8,3054,8,2,1,2420,5,148,NA
7,1,3,1.53,4,4,2,0,348,357,12,5,9,1687,5,5,2,1920,8,196,NA
7,1,3,1.53,5,5,1,0,350,355,9,6,5,1086,9,5,2,1654,6,248,NA
7,1,3,1.53,6,6,2,1,352,355,6,6,9,1702,9,4,3,836,3,299,NA
7,1,3,1.53,7,7,1,0,349,352,6,3,6,3923,8,8,2,2686,7,349,NA
7,1,3,1.53,8,8,2,0,348,351,6,7,9,4455,4,3,2,1620,1,399,NA
7,1,3,1.53,9,9,1,0,350,351,2,9,6,1587,3,6,2,2654,9,448,NA
7,1,4,1.53,0,0,2,0,356,359,6,7,10,1752,8,2,2,1987,2,0,NA
7,1,4,1.53,1,1,1,1,351,356,9,5,4,1352,4,5,2,1435,2,49,NA
7,1,4,1.53,2,2,2,0,355,356,2,3,8,3089,10,5,1,1052,6,97,NA
7,1,4,1.53,3,3,1,0,351,355,7,9,6,3388,8,7,1,2120,9,147,NA
7,1,4,1.53,4,4,2,0,353,357,7,6,9,3020,5,3,2,1654,2,199,NA
7,1,4,1.53,5,5,1,0,347,358,12,8,5,2586,8,7,1,3020,8,250,NA
7,1,4,1.53,6,6,2,0,353,361,12,3,9,3721,7,5,1,1287,6,298,NA
7,1,4,1.53,7,7,1,0,356,356,0,9,7,3487,2,8,2,2604,9,349,NA
7,1,4,1.53,8,8,1,0,349,357,12,7,5,1386,5,5,1,1786,1,398,NA
7,1,4,1.53,9,9,2,0,353,357,7,9,10,2054,7,4,2,1719,5,448,NA
7,1,5,1.53,0,0,1,0,354,356,4,4,7,3788,6,5,1,1602,5,0,NA
7,1,5,1.53,1,1,1,0,353,358,9,3,6,3254,7,8,2,3989,2,48,NA
7,1,5,1.53,2,2,2,1,348,358,12,4,6,1352,6,4,8,1485,8,99,NA
7,1,5,1.53,3,3,2,0,354,358,7,7,10,1886,3,4,3,1754,8,148,NA
7,1,5,1.53,4,4,2,0,350,358,12,3,11,2054,11,8,4,2353,5,199,NA
7,1,5,1.53,5,5,1,0,354,359,9,5,6,2720,5,8,2,2019,5,250,NA
7,1,5,1.53,6,6,1,0,352,355,6,3,5,1018,4,2,3,985,8,299,NA
7,1,5,1.53,7,7,1,0,356,359,6,3,7,2721,4,2,4,1553,1,348,NA
7,1,5,1.53,8,8,2,0,354,360,11,9,9,4223,6,6,2,2254,8,398,NA
7,1,5,1.53,9,9,2,0,355,355,0,3,10,1719,7,8,3,2153,2,450,NA
7,1,6,1.53,0,0,2,0,352,355,6,3,9,2954,7,2,2,2204,5,0,NA
7,1,6,1.53,1,1,2,0,349,357,12,4,9,3555,6,8,2,3238,1,51,NA
7,1,6,1.53,2,2,1,0,354,356,4,7,5,2886,1,4,2,1319,6,103,NA
7,1,6,1.53,3,3,1,0,351,355,7,9,6,1153,10,2,2,1719,2,152,NA
7,1,6,1.53,4,4,1,1,353,355,4,5,2,1552,2,2,1,602,1,201,NA
7,1,6,1.53,5,5,1,0,350,353,6,6,6,2087,7,5,3,1119,4,250,NA
7,1,6,1.53,6,6,2,0,351,357,11,6,10,1085,7,4,3,1353,7,300,NA
7,1,6,1.53,7,7,2,0,350,354,7,6,11,3355,9,3,4,420,3,349,NA
7,1,6,1.53,8,8,2,0,351,355,7,4,10,2252,2,4,3,384,7,401,NA
7,1,6,1.53,9,9,1,0,352,358,11,7,5,1487,2,3,2,1151,8,449,NA
7,2,7,1.42,0,0,1,0,421,424,5,4,6,2103,1,5,1,2736,9,0,NA
7,2,7,1.42,1,1,1,0,421,428,12,7,6,3953,5,8,2,1503,5,49,NA
7,2,7,1.42,2,2,2,0,421,429,12,9,10,1352,9,4,1,1303,6,99,NA
7,2,7,1.42,3,3,1,0,415,429,12,3,5,1685,8,8,2,1402,7,150,NA
7,2,7,1.42,4,4,2,0,422,427,8,7,10,2171,2,5,2,935,7,198,NA
7,2,7,1.42,5,5,1,0,420,425,8,5,5,3671,5,7,2,2504,5,248,NA
7,2,7,1.42,6,6,1,0,419,423,7,9,5,4188,8,3,2,302,9,299,NA
7,2,7,1.42,7,7,2,1,419,426,12,3,11,2587,11,6,7,601,7,348,NA
7,2,7,1.42,8,8,2,0,419,424,8,8,10,903,10,8,2,1903,1,397,NA
7,2,7,1.42,9,9,2,0,420,427,12,7,9,536,6,8,2,1569,8,448,NA
7,2,8,1.42,0,0,1,0,436,441,8,5,5,618,8,8,2,2470,8,0,NA
7,2,8,1.42,1,1,2,0,435,438,5,4,10,1404,11,4,2,1302,9,50,NA
7,2,8,1.42,2,2,1,0,433,434,2,3,6,2152,5,2,1,2536,1,100,NA
7,2,8,1.42,3,3,2,0,426,434,12,8,10,4038,1,7,2,1470,9,148,NA
7,2,8,1.42,4,4,1,0,429,424,0,3,5,1019,9,2,2,668,9,199,NA
7,2,8,1.42,5,5,2,0,416,421,8,9,11,919,6,4,3,803,4,248,NA
7,2,8,1.42,6,6,2,0,417,425,12,5,9,970,9,8,2,2204,5,299,NA
7,2,8,1.42,7,7,1,0,418,424,10,6,5,584,10,5,3,1268,8,351,NA
7,2,8,1.42,8,8,2,0,419,422,5,4,9,2305,11,8,2,2771,4,399,NA
7,2,8,1.42,9,9,1,1,417,420,5,3,8,1587,8,5,3,969,3,450,NA
7,2,9,1.42,0,0,1,0,417,421,7,8,5,1503,6,8,3,1803,5,0,NA
7,2,9,1.42,1,1,1,0,416,421,8,7,5,2019,5,2,2,2470,4,50,NA
7,2,9,1.42,2,2,2,0,417,419,3,8,8,1170,1,8,2,1568,1,99,NA
7,2,9,1.42,3,3,2,0,415,420,8,8,8,2119,6,7,2,2136,1,148,NA
7,2,9,1.42,4,4,2,0,414,425,12,6,9,969,11,4,2,869,8,196,NA
7,2,9,1.42,5,5,1,0,424,430,10,7,5,852,9,2,3,2204,7,248,NA
7,2,9,1.42,6,6,2,1,425,431,10,8,1,2786,1,8,3,2004,3,299,NA
7,2,9,1.42,7,7,1,0,419,427,12,6,6,1037,7,8,2,2603,8,349,NA
7,2,9,1.42,8,8,2,0,423,431,12,7,10,2820,11,8,2,1937,6,399,NA
7,2,9,1.42,9,9,1,0,423,427,7,8,6,870,1,4,2,1670,1,448,NA
7,2,10,1.42,0,0,2,0,418,420,3,4,10,1585,3,6,2,1536,8,0,NA
7,2,10,1.42,1,1,1,1,414,420,10,9,10,818,10,8,7,668,7,49,NA
7,2,10,1.42,2,2,2,0,415,422,12,6,8,2704,9,7,2,1769,6,97,NA
7,2,10,1.42,3,3,1,0,414,422,12,5,7,536,2,4,2,1471,7,147,NA
7,2,10,1.42,4,4,2,0,413,421,12,7,10,1636,3,5,2,1837,7,199,NA
7,2,10,1.42,5,5,1,0,415,421,10,4,5,918,5,4,2,1168,6,250,NA
7,2,10,1.42,6,6,2,0,413,420,12,7,9,4038,1,8,2,3272,3,298,NA
7,2,10,1.42,7,7,1,0,415,421,10,9,4,2386,1,8,2,2170,8,349,NA
7,2,10,1.42,8,8,1,0,413,417,7,8,6,2504,11,3,2,1136,2,398,NA
7,2,10,1.42,9,9,2,0,414,422,12,6,10,970,11,4,3,801,8,448,NA
7,2,11,1.42,0,0,1,0,413,417,7,6,4,1618,5,5,3,1135,2,0,NA
7,2,11,1.42,1,1,1,0,414,419,9,5,5,1270,4,5,3,1470,9,48,NA
7,2,11,1.42,2,2,2,1,416,422,10,6,3,1170,3,4,2,702,2,99,NA
7,2,11,1.42,3,3,2,0,413,420,12,6,10,1069,9,5,3,1237,1,148,NA
7,2,11,1.42,4,4,2,0,415,418,5,4,10,1370,5,6,3,1069,6,199,NA
7,2,11,1.42,5,5,1,0,411,417,10,4,6,936,11,7,3,2036,9,250,NA
7,2,11,1.42,6,6,1,0,412,414,3,4,5,552,8,6,3,1036,4,299,NA
7,2,11,1.42,7,7,1,0,415,417,3,3,7,1804,3,6,3,1302,6,348,NA
7,2,11,1.42,8,8,2,0,415,420,8,8,9,3672,4,4,3,620,9,398,NA
7,2,11,1.42,9,9,2,0,410,418,12,9,10,1018,4,7,3,1602,8,450,NA
7,2,12,1.42,0,0,2,0,413,418,9,8,10,1036,8,2,2,1537,1,0,NA
7,2,12,1.42,1,1,2,0,409,415,10,7,10,1938,3,8,4,1587,6,51,NA
7,2,12,1.42,2,2,1,0,409,414,9,9,6,2620,5,2,2,2703,6,103,NA
7,2,12,1.42,3,3,1,0,411,415,7,5,7,3771,6,2,2,1168,8,152,NA
7,2,12,1.42,4,4,1,1,411,416,9,3,8,1786,8,7,3,1537,3,201,NA
7,2,12,1.42,5,5,1,0,412,415,5,7,7,3087,1,5,3,1069,9,250,NA
7,2,12,1.42,6,6,2,0,410,415,9,9,9,2486,1,5,4,636,8,300,NA
7,2,12,1.42,7,7,2,0,406,414,12,4,9,1738,5,7,4,1087,8,349,NA
7,2,12,1.42,8,8,2,0,411,415,7,6,10,1686,3,3,3,1702,5,401,NA
7,2,12,1.42,9,9,1,0,412,412,0,3,5,803,3,2,3,2770,3,449,NA
7,3,13,3.17,0,0,1,0,350,356,5,7,5,1419,5,7,1,2369,7,0,NA
7,3,13,3.17,1,1,1,0,348,354,5,3,5,1018,2,8,2,2104,7,49,NA
7,3,13,3.17,2,2,2,0,345,353,7,9,10,3087,1,3,2,653,1,99,NA
7,3,13,3.17,3,3,1,0,350,355,5,6,6,1486,7,4,2,3854,5,150,NA
7,3,13,3.17,4,4,2,0,349,356,6,8,9,2387,8,6,2,1819,8,198,NA
7,3,13,3.17,5,5,1,0,348,354,5,5,6,452,3,4,3,886,3,248,NA
7,3,13,3.17,6,6,1,0,346,353,6,5,5,1252,4,6,3,1820,9,299,NA
7,3,13,3.17,7,7,2,1,347,355,7,5,10,1619,10,2,3,634,3,348,NA
7,3,13,3.17,8,8,2,0,348,354,5,7,8,1137,11,6,3,1053,1,397,NA
7,3,13,3.17,9,9,2,0,345,355,9,4,8,1954,2,6,2,1352,1,448,NA
7,3,14,3.17,0,0,1,0,347,354,6,6,6,1853,6,2,3,1269,9,0,NA
7,3,14,3.17,1,1,2,0,348,356,7,6,8,1120,7,6,3,1669,1,50,NA
7,3,14,3.17,2,2,1,0,346,352,5,4,6,2619,7,3,4,1652,1,100,NA
7,3,14,3.17,3,3,2,0,347,356,8,8,9,1486,4,4,3,1120,6,148,NA
7,3,14,3.17,4,4,1,0,346,355,8,8,6,1319,4,2,4,1420,3,199,NA
7,3,14,3.17,5,5,2,0,345,354,8,9,9,1853,4,3,3,2254,7,248,NA
7,3,14,3.17,6,6,2,0,347,355,7,7,9,1587,4,5,4,820,2,299,NA
7,3,14,3.17,7,7,1,0,348,355,6,5,6,2219,6,5,4,418,5,351,NA
7,3,14,3.17,8,8,2,0,347,355,7,3,8,1453,4,5,3,819,8,399,NA
7,3,14,3.17,9,9,1,1,348,357,8,4,1,1386,1,7,7,1085,7,450,NA
7,3,15,3.17,0,0,1,0,351,356,4,8,5,1186,3,7,4,1135,3,0,NA
7,3,15,3.17,1,1,1,0,346,356,9,7,6,1085,4,3,4,1303,3,50,NA
7,3,15,3.17,2,2,2,0,344,355,10,9,9,886,7,6,3,2719,5,99,NA
7,3,15,3.17,3,3,2,0,346,354,7,3,9,1419,11,2,4,1602,2,148,NA
7,3,15,3.17,4,4,2,0,347,355,7,8,10,553,2,7,3,1170,3,196,NA
7,3,15,3.17,5,5,1,0,349,355,5,8,6,919,1,3,3,1386,3,248,NA
7,3,15,3.17,6,6,2,1,348,353,5,4,11,1869,11,2,7,1370,7,299,NA
7,3,15,3.17,7,7,1,0,346,352,5,6,6,920,6,5,3,1151,2,349,NA
7,3,15,3.17,8,8,2,0,345,353,7,7,8,1786,5,3,2,1086,1,399,NA
7,3,15,3.17,9,9,1,0,348,353,5,6,6,653,1,8,4,1270,6,448,NA
7,3,16,3.17,0,0,2,0,350,357,6,7,8,585,3,7,3,1135,4,0,NA
7,3,16,3.17,1,1,1,1,346,351,5,4,10,1953,10,5,9,1135,9,49,NA
7,3,16,3.17,2,2,2,0,346,352,5,3,7,1086,5,8,4,1135,5,97,NA
7,3,16,3.17,3,3,1,0,349,355,5,7,6,987,5,6,4,820,9,147,NA
7,3,16,3.17,4,4,2,0,348,354,5,7,8,652,10,2,2,1437,7,199,NA
7,3,16,3.17,5,5,1,0,345,353,7,6,6,1752,1,3,4,1385,8,250,NA
7,3,16,3.17,6,6,2,0,344,354,9,9,8,1286,3,7,3,1054,4,298,NA
7,3,16,3.17,7,7,1,0,346,352,5,6,6,1051,11,3,4,852,5,349,NA
7,3,16,3.17,8,8,1,0,345,352,6,5,6,2487,10,5,3,1186,4,398,NA
7,3,16,3.17,9,9,2,0,347,353,5,6,8,652,3,4,3,2486,7,448,NA
7,3,17,3.17,0,0,1,0,348,354,5,8,6,1252,7,5,4,1035,4,0,NA
7,3,17,3.17,1,1,1,0,344,354,9,5,5,1186,11,7,5,886,3,48,NA
7,3,17,3.17,2,2,2,1,352,355,3,9,10,852,10,7,2,1836,2,99,NA
7,3,17,3.17,3,3,2,0,347,355,7,5,8,1453,2,7,3,1054,4,148,NA
7,3,17,3.17,4,4,2,0,348,354,5,3,8,1453,8,6,2,1820,3,199,NA
7,3,17,3.17,5,5,1,0,345,353,7,7,4,1085,10,7,4,1052,1,250,NA
7,3,17,3.17,6,6,1,0,345,351,5,6,5,1252,6,2,3,1286,1,299,NA
7,3,17,3.17,7,7,1,0,349,353,4,7,6,853,9,5,3,2519,5,348,NA
7,3,17,3.17,8,8,2,0,347,354,6,8,8,2955,8,5,2,1220,5,398,NA
7,3,17,3.17,9,9,2,0,350,355,5,3,8,1386,5,4,3,1453,8,450,NA
7,3,18,3.17,0,0,2,0,351,354,3,3,8,1386,10,6,3,1253,6,0,NA
7,3,18,3.17,1,1,2,0,345,352,6,8,8,2554,10,4,3,286,7,51,NA
7,3,18,3.17,2,2,1,0,346,353,6,4,6,1985,9,5,4,1703,1,103,NA
7,3,18,3.17,3,3,1,0,345,353,7,9,6,1286,11,7,5,1568,8,152,NA
7,3,18,3.17,4,4,1,1,346,353,6,5,2,1152,2,5,3,768,3,201,NA
7,3,18,3.17,5,5,1,0,346,351,5,4,5,518,8,4,6,1803,1,250,NA
7,3,18,3.17,6,6,2,0,342,353,10,6,8,1419,3,2,3,2137,7,300,NA
7,3,18,3.17,7,7,2,0,346,354,7,5,9,954,4,4,3,369,7,349,NA
7,3,18,3.17,8,8,2,0,347,356,8,5,8,1552,10,7,4,1085,8,401,NA
7,3,18,3.17,9,9,1,0,347,354,6,6,6,820,7,7,5,985,7,449,NA
8,1,1,1.77,0,0,1,0,406,411,7,5,5,1670,6,2,5,1002,8,0,NA
8,1,1,1.77,1,1,1,0,403,410,10,5,5,1619,7,5,6,470,2,49,NA
8,1,1,1.77,2,2,2,0,406,410,6,3,9,3071,2,3,5,603,2,99,NA
8,1,1,1.77,3,3,1,0,406,410,6,7,6,618,10,8,6,1102,3,150,NA
8,1,1,1.77,4,4,2,0,402,409,10,6,8,736,5,5,6,368,3,198,NA
8,1,1,1.77,5,5,1,0,404,410,8,4,6,903,4,6,6,1036,5,248,NA
8,1,1,1.77,6,6,1,0,405,410,7,8,6,1218,11,8,5,1002,2,299,NA
8,1,1,1.77,7,7,2,1,402,410,11,3,5,585,5,2,2,1202,2,348,NA
8,1,1,1.77,8,8,2,0,403,409,8,4,8,1370,3,6,6,1103,3,397,NA
8,1,1,1.77,9,9,2,0,399,409,12,3,9,1471,6,5,7,602,9,448,NA
8,1,2,1.77,0,0,1,0,403,409,8,9,7,1136,1,7,5,1069,3,0,NA
8,1,2,1.77,1,1,2,0,402,409,10,4,9,1504,7,7,5,1502,2,50,NA
8,1,2,1.77,2,2,1,0,400,408,11,9,6,985,2,7,4,1936,1,100,NA
8,1,2,1.77,3,3,2,0,406,408,3,5,10,1336,1,7,5,1170,2,148,NA
8,1,2,1.77,4,4,1,0,405,409,6,5,6,1185,5,4,4,703,7,199,NA
8,1,2,1.77,5,5,2,0,401,409,11,7,8,469,10,8,5,1087,5,248,NA
8,1,2,1.77,6,6,2,0,398,407,12,9,10,270,2,5,4,436,9,299,NA
8,1,2,1.77,7,7,1,0,403,409,8,4,5,518,10,3,6,1469,1,351,NA
8,1,2,1.77,8,8,2,0,401,408,10,9,10,436,3,4,6,803,3,399,NA
8,1,2,1.77,9,9,1,1,400,408,11,4,10,2387,10,5,7,1502,7,450,NA
8,1,3,1.77,0,0,1,0,404,407,4,3,5,1336,9,6,5,869,6,0,NA
8,1,3,1.77,1,1,1,0,402,408,8,6,6,1218,5,4,5,736,3,50,NA
8,1,3,1.77,2,2,2,0,402,409,10,7,10,1136,1,7,5,1836,4,99,NA
8,1,3,1.77,3,3,2,0,402,408,8,8,9,652,11,4,6,668,8,148,NA
8,1,3,1.77,4,4,2,0,407,408,1,6,8,703,10,7,5,1103,9,196,NA
8,1,3,1.77,5,5,1,0,402,408,8,7,5,735,8,7,5,1170,4,248,NA
8,1,3,1.77,6,6,2,1,401,407,8,8,4,1919,4,6,4,1704,4,299,NA
8,1,3,1.77,7,7,1,0,400,408,11,6,5,369,3,7,6,701,7,349,NA
8,1,3,1.77,8,8,2,0,401,409,11,4,9,1285,7,7,6,469,2,399,NA
8,1,3,1.77,9,9,1,0,398,407,12,9,5,1170,4,3,6,1037,4,448,NA
8,1,4,1.77,0,0,2,0,406,409,4,6,8,718,3,6,4,1236,9,0,NA
8,1,4,1.77,1,1,1,1,400,408,11,9,11,2153,11,7,9,1069,9,49,NA
8,1,4,1.77,2,2,2,0,400,409,12,9,7,769,10,7,4,1502,5,97,NA
8,1,4,1.77,3,3,1,0,400,407,10,5,7,736,7,4,6,936,7,147,NA
8,1,4,1.77,4,4,2,0,401,407,8,9,8,785,9,5,4,1070,8,199,NA
8,1,4,1.77,5,5,1,0,401,408,10,6,7,651,3,3,5,935,2,250,NA
8,1,4,1.77,6,6,2,0,397,406,12,7,9,1069,1,7,5,636,4,298,NA
8,1,4,1.77,7,7,1,0,397,404,10,3,5,885,3,5,4,2671,6,349,NA
8,1,4,1.77,8,8,1,0,402,406,6,5,5,636,8,4,3,1203,7,398,NA
8,1,4,1.77,9,9,2,0,402,407,7,5,8,903,1,8,5,902,2,448,NA
8,1,5,1.77,0,0,1,0,400,405,7,6,5,518,4,4,5,368,6,0,NA
8,1,5,1.77,1,1,1,0,400,404,6,4,6,769,9,5,5,736,3,48,NA
8,1,5,1.77,2,2,2,1,404,405,1,6,3,2186,3,2,6,1835,6,99,NA
8,1,5,1.77,3,3,2,0,399,406,10,5,8,736,2,6,5,937,5,148,NA
8,1,5,1.77,4,4,2,0,402,406,6,9,8,269,1,7,6,802,9,199,NA
8,1,5,1.77,5,5,1,0,401,408,10,3,5,635,1,7,5,1402,6,250,NA
8,1,5,1.77,6,6,1,0,397,404,10,8,6,885,5,6,4,669,8,299,NA
8,1,5,1.77,7,7,1,0,404,409,7,5,7,602,9,2,5,1169,3,348,NA
8,1,5,1.77,8,8,2,0,401,406,7,9,8,503,6,5,5,736,6,398,NA
8,1,5,1.77,9,9,2,0,395,404,12,5,8,1586,10,4,5,568,4,450,NA
8,1,6,1.77,0,0,2,0,403,406,4,3,8,1169,3,4,5,836,4,0,NA
8,1,6,1.77,1,1,2,0,401,406,7,4,8,1303,2,2,5,936,8,51,NA
8,1,6,1.77,2,2,1,0,402,405,4,5,7,1752,11,4,6,636,5,103,NA
8,1,6,1.77,3,3,1,0,400,405,7,8,6,635,5,2,5,968,9,152,NA
8,1,6,1.77,4,4,1,1,399,406,10,6,6,2453,6,3,6,1102,6,201,NA
8,1,6,1.77,5,5,1,0,398,405,10,3,7,885,10,3,6,1970,7,250,NA
8,1,6,1.77,6,6,2,0,398,406,11,9,8,618,8,2,5,1003,3,300,NA
8,1,6,1.77,7,7,2,0,399,406,10,3,8,1203,8,2,5,1470,7,349,NA
8,1,6,1.77,8,8,2,0,398,407,12,3,9,1752,10,8,5,1002,4,401,NA
8,1,6,1.77,9,9,1,0,400,406,8,8,6,1137,10,4,5,468,6,449,NA
8,2,7,2.01,0,0,1,0,423,429,7,4,5,585,6,6,5,601,3,0,NA
8,2,7,2.01,1,1,1,0,424,427,4,8,5,1419,7,7,6,702,7,49,NA
8,2,7,2.01,2,2,2,0,423,427,5,5,8,1203,5,6,5,420,8,99,NA
8,2,7,2.01,3,3,1,0,424,427,4,8,5,1251,7,7,5,801,1,150,NA
8,2,7,2.01,4,4,2,0,420,426,7,4,9,1670,8,6,5,601,1,198,NA
8,2,7,2.01,5,5,1,0,413,424,12,4,7,1203,3,4,6,736,2,248,NA
8,2,7,2.01,6,6,1,0,418,426,10,9,7,1185,7,2,6,1402,5,299,NA
8,2,7,2.01,7,7,2,1,418,423,6,9,4,1870,4,6,7,601,7,348,NA
8,2,7,2.01,8,8,2,0,418,426,10,5,8,2171,6,5,6,602,4,397,NA
8,2,7,2.01,9,9,2,0,417,425,10,8,10,1036,9,4,6,2036,6,448,NA
8,2,8,2.01,0,0,1,0,423,426,4,5,5,669,4,6,6,669,1,0,NA
8,2,8,2.01,1,1,2,0,420,428,9,3,8,1803,4,2,5,1502,7,50,NA
8,2,8,2.01,2,2,1,0,423,428,6,5,6,751,7,4,6,1169,2,100,NA
8,2,8,2.01,3,3,2,0,424,429,6,4,9,1786,9,6,6,769,1,148,NA
8,2,8,2.01,4,4,1,0,417,429,12,5,7,651,2,6,5,502,6,199,NA
8,2,8,2.01,5,5,2,0,420,428,9,7,9,602,11,4,6,1370,2,248,NA
8,2,8,2.01,6,6,2,0,421,430,11,5,10,1337,9,2,5,1087,9,299,NA
8,2,8,2.01,7,7,1,0,419,427,9,9,7,1452,9,2,6,1302,9,351,NA
8,2,8,2.01,8,8,2,0,419,429,12,7,9,736,10,4,6,702,2,399,NA
8,2,8,2.01,9,9,1,1,425,428,4,3,10,2253,10,6,9,1536,9,450,NA
8,2,9,2.01,0,0,1,0,418,424,7,4,7,819,10,7,4,1069,4,0,NA
8,2,9,2.01,1,1,1,0,422,425,4,7,7,1252,10,4,5,336,9,50,NA
8,2,9,2.01,2,2,2,0,418,427,11,8,8,1336,10,4,5,301,7,99,NA
8,2,9,2.01,3,3,2,0,422,428,7,6,10,1252,4,4,6,668,7,148,NA
8,2,9,2.01,4,4,2,0,420,428,9,9,8,503,10,5,6,1070,4,196,NA
8,2,9,2.01,5,5,1,0,420,428,9,5,7,552,5,4,6,1103,3,248,NA
8,2,9,2.01,6,6,2,1,422,428,7,6,7,418,7,8,1,2605,1,299,NA
8,2,9,2.01,7,7,1,0,419,427,9,7,7,803,7,7,6,568,4,349,NA
8,2,9,2.01,8,8,2,0,425,429,5,8,9,652,1,8,5,1503,8,399,NA
8,2,9,2.01,9,9,1,0,427,428,1,4,7,1303,8,5,5,903,1,448,NA
8,2,10,2.01,0,0,2,0,416,421,6,3,8,1719,10,7,5,1003,9,0,NA
8,2,10,2.01,1,1,1,1,414,421,8,4,3,684,3,5,9,2102,9,49,NA
8,2,10,2.01,2,2,2,0,418,426,10,6,8,703,11,4,6,1002,3,97,NA
8,2,10,2.01,3,3,1,0,419,427,9,4,7,803,11,4,5,353,7,147,NA
8,2,10,2.01,4,4,2,0,422,427,6,6,8,769,5,4,4,703,9,199,NA
8,2,10,2.01,5,5,1,0,417,426,11,7,7,1152,1,2,6,2169,3,250,NA
8,2,10,2.01,6,6,2,0,417,425,10,9,8,502,6,6,5,903,4,298,NA
8,2,10,2.01,7,7,1,0,414,419,6,4,7,885,6,3,4,903,2,349,NA
8,2,10,2.01,8,8,1,0,420,426,7,5,6,3271,11,7,4,1303,7,398,NA
8,2,10,2.01,9,9,2,0,419,424,6,7,10,836,7,8,5,1902,8,448,NA
8,2,11,2.01,0,0,1,0,419,424,6,4,7,1786,11,4,5,567,8,0,NA
8,2,11,2.01,1,1,1,0,422,427,6,4,6,836,5,5,5,920,2,48,NA
8,2,11,2.01,2,2,2,1,417,426,11,7,11,1119,11,2,4,1202,4,99,NA
8,2,11,2.01,3,3,2,0,419,426,8,3,10,1853,4,8,5,1037,1,148,NA
8,2,11,2.01,4,4,2,0,419,425,7,7,10,769,7,7,6,835,7,199,NA
8,2,11,2.01,5,5,1,0,419,426,8,3,7,3104,5,8,4,1302,6,250,NA
8,2,11,2.01,6,6,1,0,418,425,8,8,7,752,7,2,5,869,5,299,NA
8,2,11,2.01,7,7,1,0,416,425,11,9,6,1637,8,7,5,835,2,348,NA
8,2,11,2.01,8,8,2,0,418,424,7,4,8,1070,2,3,5,870,6,398,NA
8,2,11,2.01,9,9,2,0,418,426,10,6,10,3120,5,5,6,502,3,450,NA
8,2,12,2.01,0,0,2,0,410,419,11,3,8,1703,11,4,5,336,1,0,NA
8,2,12,2.01,1,1,2,0,415,423,10,3,10,1703,8,7,6,836,3,51,NA
8,2,12,2.01,2,2,1,0,413,421,10,3,7,1352,2,8,5,1570,5,103,NA
8,2,12,2.01,3,3,1,0,415,423,10,4,7,1036,10,6,4,601,4,152,NA
8,2,12,2.01,4,4,1,1,412,422,12,3,5,718,5,8,5,1469,5,201,NA
8,2,12,2.01,5,5,1,0,410,420,12,9,7,1002,10,8,4,1069,9,250,NA
8,2,12,2.01,6,6,2,0,416,424,10,6,10,1119,8,6,5,869,8,300,NA
8,2,12,2.01,7,7,2,0,413,422,11,5,10,1170,5,6,6,903,7,349,NA
8,2,12,2.01,8,8,2,0,414,423,11,6,9,918,11,4,6,668,9,401,NA
8,2,12,2.01,9,9,1,0,414,421,8,3,5,1137,4,3,5,735,5,449,NA
8,3,13,2.29,0,0,1,0,425,430,5,3,5,885,7,8,5,1202,8,0,NA
8,3,13,2.29,1,1,1,0,426,431,5,4,7,752,3,3,5,936,5,49,NA
8,3,13,2.29,2,2,2,0,424,431,7,3,8,1003,10,4,4,703,3,99,NA
8,3,13,2.29,3,3,1,0,424,430,6,5,6,418,2,4,6,1102,4,150,NA
8,3,13,2.29,4,4,2,0,424,431,7,8,10,503,7,8,4,1202,6,198,NA
8,3,13,2.29,5,5,1,0,423,432,9,8,6,852,3,2,6,1136,7,248,NA
8,3,13,2.29,6,6,1,0,425,429,4,8,7,985,8,7,5,636,1,299,NA
8,3,13,2.29,7,7,2,1,422,431,9,6,3,1103,3,5,3,1669,3,348,NA
8,3,13,2.29,8,8,2,0,427,434,7,7,8,536,3,3,5,669,7,397,NA
8,3,13,2.29,9,9,2,0,426,434,8,6,8,536,8,3,5,669,2,448,NA
8,3,14,2.29,0,0,1,0,422,428,6,8,5,1069,8,4,5,369,5,0,NA
8,3,14,2.29,1,1,2,0,422,432,10,6,8,637,5,4,5,401,1,50,NA
8,3,14,2.29,2,2,1,0,425,430,5,5,6,484,4,2,6,1302,2,100,NA
8,3,14,2.29,3,3,2,0,422,433,11,8,8,636,10,5,5,653,6,148,NA
8,3,14,2.29,4,4,1,0,420,428,8,8,7,652,1,6,4,602,4,199,NA
8,3,14,2.29,5,5,2,0,424,431,7,6,8,769,1,2,5,936,3,248,NA
8,3,14,2.29,6,6,2,0,422,430,8,4,8,870,9,8,5,1837,9,299,NA
8,3,14,2.29,7,7,1,0,421,429,8,3,7,1018,2,5,5,1636,2,351,NA
8,3,14,2.29,8,8,2,0,419,430,11,4,9,1370,6,8,5,1769,3,399,NA
8,3,14,2.29,9,9,1,1,421,426,5,8,11,1520,11,8,1,2536,1,450,NA
8,3,15,2.29,0,0,1,0,418,425,7,9,6,835,9,2,5,1469,3,0,NA
8,3,15,2.29,1,1,1,0,420,426,6,5,7,552,9,4,5,502,8,50,NA
8,3,15,2.29,2,2,2,0,420,429,9,4,9,1403,4,7,5,1135,2,99,NA
8,3,15,2.29,3,3,2,0,419,428,9,8,9,685,1,8,6,1502,6,148,NA
8,3,15,2.29,4,4,2,0,424,428,4,3,9,1203,4,4,6,1070,7,196,NA
8,3,15,2.29,5,5,1,0,418,426,8,3,5,702,8,4,5,503,3,248,NA
8,3,15,2.29,6,6,2,1,419,427,8,7,6,952,6,5,9,1321,9,299,NA
8,3,15,2.29,7,7,1,0,418,426,8,5,7,536,4,8,4,1302,9,349,NA
8,3,15,2.29,8,8,2,0,416,427,12,8,9,351,7,7,6,869,4,399,NA
8,3,15,2.29,9,9,1,0,417,426,9,7,7,569,10,5,5,2438,7,448,NA
8,3,16,2.29,0,0,2,0,420,428,8,5,8,784,7,7,5,769,3,0,NA
8,3,16,2.29,1,1,1,1,418,427,9,7,11,1886,11,3,8,1802,8,49,NA
8,3,16,2.29,2,2,2,0,421,429,8,9,8,636,6,8,5,1269,4,97,NA
8,3,16,2.29,3,3,1,0,420,427,7,7,7,603,1,5,5,770,5,147,NA
8,3,16,2.29,4,4,2,0,418,428,10,7,9,502,4,6,6,1054,6,199,NA
8,3,16,2.29,5,5,1,0,420,427,7,3,5,684,5,5,5,868,8,250,NA
8,3,16,2.29,6,6,2,0,419,427,8,7,9,502,9,6,4,636,4,298,NA
8,3,16,2.29,7,7,1,0,416,420,4,5,5,1152,10,3,5,635,7,349,NA
8,3,16,2.29,8,8,1,0,415,423,8,4,7,852,10,2,5,2470,9,398,NA
8,3,16,2.29,9,9,2,0,415,423,8,3,8,1470,5,5,5,835,2,448,NA
8,3,17,2.29,0,0,1,0,421,427,6,3,7,2953,11,8,5,869,9,0,NA
8,3,17,2.29,1,1,1,0,419,426,7,6,6,835,7,6,6,936,9,48,NA
8,3,17,2.29,2,2,2,1,421,429,8,6,9,719,9,2,8,1769,8,99,NA
8,3,17,2.29,3,3,2,0,420,430,10,4,9,1036,3,2,5,803,4,148,NA
8,3,17,2.29,4,4,2,0,419,430,11,3,8,937,8,5,6,769,8,199,NA
8,3,17,2.29,5,5,1,0,420,428,8,9,5,952,2,8,5,1001,6,250,NA
8,3,17,2.29,6,6,1,0,419,427,8,3,6,685,7,7,5,1136,4,299,NA
8,3,17,2.29,7,7,1,0,419,427,8,7,7,804,8,2,5,869,6,348,NA
8,3,17,2.29,8,8,2,0,420,429,9,3,9,1103,1,8,4,1103,3,398,NA
8,3,17,2.29,9,9,2,0,419,429,10,8,9,618,7,8,5,769,7,450,NA
8,3,18,2.29,0,0,2,0,418,426,8,7,9,536,7,8,5,1220,8,0,NA
8,3,18,2.29,1,1,2,0,418,425,7,8,10,636,4,5,6,820,7,51,NA
8,3,18,2.29,2,2,1,0,414,424,11,5,7,1151,4,6,5,902,7,103,NA
8,3,18,2.29,3,3,1,0,418,425,7,8,7,535,3,5,4,568,2,152,NA
8,3,18,2.29,4,4,1,1,419,425,6,7,4,984,4,2,4,936,4,201,NA
8,3,18,2.29,5,5,1,0,418,424,6,7,6,835,10,3,5,635,6,250,NA
8,3,18,2.29,6,6,2,0,417,426,9,8,8,885,3,3,5,602,5,300,NA
8,3,18,2.29,7,7,2,0,419,427,8,8,9,502,10,7,6,854,2,349,NA
8,3,18,2.29,8,8,2,0,418,428,10,9,9,584,3,5,5,901,3,401,NA
8,3,18,2.29,9,9,1,0,420,425,5,7,6,503,2,6,5,768,1,449,NA
9,1,1,NA,0,0,1,0,377,384,10,5,6,2520,1,4,0,1752,4,0,1.91
9,1,1,NA,1,1,1,0,379,384,7,4,6,1819,2,4,1,2288,8,49,1.91
9,1,1,NA,2,2,2,0,379,386,10,9,9,1219,3,3,1,1054,2,99,1.91
9,1,1,NA,3,3,1,0,377,382,7,9,6,1852,5,5,2,2536,6,150,1.91
9,1,1,NA,4,4,2,0,377,382,7,5,9,2187,6,3,3,2203,8,198,1.91
9,1,1,NA,5,5,1,0,376,383,10,3,6,1286,8,4,3,786,6,248,1.91
9,1,1,NA,6,6,1,0,376,381,7,6,6,1219,7,3,4,569,9,299,1.91
9,1,1,NA,7,7,2,1,377,383,8,4,3,1119,3,8,5,1202,5,348,1.91
9,1,1,NA,8,8,2,0,375,382,10,3,8,1921,3,8,4,2904,5,397,1.91
9,1,1,NA,9,9,2,0,372,379,10,3,10,2922,5,8,5,1353,1,448,1.91
9,1,2,NA,0,0,1,0,378,380,3,6,5,819,2,5,4,1002,9,0,1.91
9,1,2,NA,1,1,2,0,370,377,10,7,9,986,6,3,5,1435,7,50,1.91
9,1,2,NA,2,2,1,0,372,376,6,7,6,551,4,2,5,2269,6,100,1.91
9,1,2,NA,3,3,2,0,371,378,10,8,9,919,11,8,6,2254,7,148,1.91
9,1,2,NA,4,4,1,0,370,374,6,5,6,1118,7,3,6,2370,9,199,1.91
9,1,2,NA,5,5,2,0,370,375,7,8,9,685,11,6,7,786,5,248,1.91
9,1,2,NA,6,6,2,0,370,375,7,8,9,820,1,4,6,1520,6,299,1.91
9,1,2,NA,7,7,1,0,366,373,10,8,6,1052,10,7,7,1619,8,351,1.91
9,1,2,NA,8,8,2,0,372,376,6,8,9,653,1,5,5,1820,3,399,1.91
9,1,2,NA,9,9,1,1,369,375,9,6,2,1486,2,5,9,1318,9,450,1.91
9,1,3,NA,0,0,1,0,371,376,7,6,5,752,5,8,3,2570,9,0,1.91
9,1,3,NA,1,1,1,0,375,374,0,8,6,1518,3,5,4,652,3,50,1.91
9,1,3,NA,2,2,2,0,366,372,9,6,10,2487,4,4,5,1218,6,99,1.91
9,1,3,NA,3,3,2,0,374,376,3,6,9,1785,7,2,5,1669,5,148,1.91
9,1,3,NA,4,4,2,0,372,373,1,8,9,853,3,5,6,2788,7,196,1.91
9,1,3,NA,5,5,1,0,370,372,3,6,6,1220,6,8,6,1621,1,248,1.91
9,1,3,NA,6,6,2,1,372,376,6,5,3,1051,3,2,3,770,3,299,1.91
9,1,3,NA,7,7,1,0,372,372,0,5,7,2855,10,4,5,1485,6,349,1.91
9,1,3,NA,8,8,2,0,371,371,0,6,9,1718,1,7,6,1419,2,399,1.91
9,1,3,NA,9,9,1,0,375,375,0,6,7,620,4,8,4,2120,4,448,1.91
9,1,4,NA,0,0,2,0,371,378,10,5,9,3587,3,7,5,1453,5,0,1.91
9,1,4,NA,1,1,1,1,370,377,10,9,3,1919,3,8,7,1018,7,49,1.91
9,1,4,NA,2,2,2,0,374,380,8,4,9,2288,9,8,6,3136,7,97,1.91
9,1,4,NA,3,3,1,0,372,377,7,6,5,520,6,3,4,836,5,147,1.91
9,1,4,NA,4,4,2,0,373,379,8,7,9,919,10,3,6,2338,6,199,1.91
9,1,4,NA,5,5,1,0,371,378,10,8,6,1585,8,5,6,884,2,250,1.91
9,1,4,NA,6,6,2,0,371,379,11,5,10,1586,3,4,6,1270,5,298,1.91
9,1,4,NA,7,7,1,0,372,377,7,7,6,684,7,7,5,1552,9,349,1.91
9,1,4,NA,8,8,1,0,371,377,8,6,7,1453,1,3,6,1119,3,398,1.91
9,1,4,NA,9,9,2,0,371,380,12,4,10,3955,2,4,7,2820,8,448,1.91
9,1,5,NA,0,0,1,0,374,378,6,5,7,1819,5,3,4,1419,8,0,1.91
9,1,5,NA,1,1,1,0,375,380,7,7,6,819,6,6,5,770,2,48,1.91
9,1,5,NA,2,2,2,1,376,379,4,5,10,1503,10,4,6,1452,6,99,1.91
9,1,5,NA,3,3,2,0,374,381,10,9,9,1386,8,3,5,1554,9,148,1.91
9,1,5,NA,4,4,2,0,374,379,7,5,9,1187,5,2,6,1352,9,199,1.91
9,1,5,NA,5,5,1,0,377,378,1,3,6,1453,8,2,4,1319,4,250,1.91
9,1,5,NA,6,6,1,0,376,379,4,5,6,651,2,8,6,1386,6,299,1.91
9,1,5,NA,7,7,1,0,374,381,10,8,7,653,7,8,6,2119,3,348,1.91
9,1,5,NA,8,8,2,0,375,382,10,7,10,1287,4,5,6,1186,2,398,1.91
9,1,5,NA,9,9,2,0,375,379,6,6,9,1786,8,2,6,1820,1,450,1.91
9,2,7,NA,0,0,1,0,374,377,4,4,6,2520,8,3,2,1001,9,0,2.25
9,2,7,NA,1,1,1,0,372,379,8,6,5,651,5,6,3,1971,5,49,2.25
9,2,7,NA,2,2,2,0,372,380,10,3,8,3221,6,6,2,3322,1,99,2.25
9,2,7,NA,3,3,1,0,368,378,12,5,6,884,11,3,5,2653,9,150,2.25
9,2,7,NA,4,4,2,0,374,379,6,7,10,1987,3,8,5,1752,9,198,2.25
9,2,7,NA,5,5,1,0,370,378,10,7,5,1819,5,7,5,3622,8,248,2.25
9,2,7,NA,6,6,1,0,375,376,1,3,6,2219,1,3,4,1553,1,299,2.25
9,2,7,NA,7,7,2,1,373,377,5,9,8,1003,8,2,8,1719,8,348,2.25
9,2,7,NA,8,8,2,0,372,379,8,4,9,1554,5,4,6,819,9,397,2.25
9,2,7,NA,9,9,2,0,369,379,12,6,9,1154,10,7,6,1486,3,448,2.25
9,2,8,NA,0,0,1,0,371,377,7,5,7,752,6,6,4,1286,9,0,2.25
9,2,8,NA,1,1,2,0,370,378,10,4,9,1420,1,4,6,2019,1,50,2.25
9,2,8,NA,2,2,1,0,370,377,8,8,6,1586,6,8,4,3437,6,100,2.25
9,2,8,NA,3,3,2,0,367,377,12,8,9,785,5,4,6,1086,7,148,2.25
9,2,8,NA,4,4,1,0,369,371,2,6,5,2053,6,7,3,2254,6,199,2.25
9,2,8,NA,5,5,2,0,368,377,11,5,9,1152,6,6,7,453,6,248,2.25
9,2,8,NA,6,6,2,0,373,376,4,4,9,1921,5,6,7,753,6,299,2.25
9,2,8,NA,7,7,1,0,368,374,7,7,6,718,5,7,4,1018,5,351,2.25
9,2,8,NA,8,8,2,0,368,376,10,5,9,1053,8,8,5,1587,9,399,2.25
9,2,8,NA,9,9,1,1,370,375,6,4,4,1086,4,4,4,985,4,450,2.25
9,2,9,NA,0,0,1,0,367,375,10,4,6,752,3,5,6,1453,3,0,2.25
9,2,9,NA,1,1,1,0,370,371,1,8,6,985,8,3,6,1470,9,50,2.25
9,2,9,NA,2,2,2,0,369,376,8,9,9,1686,10,6,7,1352,3,99,2.25
9,2,9,NA,3,3,2,0,370,376,7,7,9,2020,10,5,7,651,3,148,2.25
9,2,9,NA,4,4,2,0,372,380,10,5,9,1153,9,8,6,2571,8,196,2.25
9,2,9,NA,5,5,1,0,371,377,7,3,6,1720,2,6,4,903,3,248,2.25
9,2,9,NA,6,6,2,1,372,377,6,9,1,4020,1,3,7,1637,7,299,2.25
9,2,9,NA,7,7,1,0,368,375,8,7,6,2388,7,7,5,1553,6,349,2.25
9,2,9,NA,8,8,2,0,374,378,5,9,9,1152,8,6,7,619,4,399,2.25
9,2,9,NA,9,9,1,0,365,375,12,8,7,686,5,8,6,1287,8,448,2.25
9,2,10,NA,0,0,2,0,369,376,8,4,9,1418,5,7,6,1369,7,0,2.25
9,2,10,NA,1,1,1,1,370,375,6,4,1,1452,1,5,7,952,7,49,2.25
9,2,10,NA,2,2,2,0,371,378,8,4,9,1554,4,6,7,718,7,97,2.25
9,2,10,NA,3,3,1,0,369,370,1,7,7,1286,1,6,6,2004,4,147,2.25
9,2,10,NA,4,4,2,0,374,378,5,6,9,1252,10,6,5,586,5,199,2.25
9,2,10,NA,5,5,1,0,365,374,11,3,5,1285,3,8,4,2470,9,250,2.25
9,2,10,NA,6,6,2,0,376,378,2,3,9,2854,1,5,7,954,4,298,2.25
9,2,10,NA,7,7,1,0,370,377,8,6,6,1519,5,5,6,4188,5,349,2.25
9,2,10,NA,8,8,1,0,367,377,12,5,6,753,4,4,5,986,6,398,2.25
9,2,10,NA,9,9,2,0,375,377,2,8,10,1320,2,2,6,2686,9,448,2.25
9,2,11,NA,0,0,1,0,369,375,7,9,7,1786,3,2,4,1686,6,0,2.25
9,2,11,NA,1,1,1,0,370,376,7,6,5,486,8,5,5,1754,7,48,2.25
9,2,11,NA,2,2,2,1,370,375,6,5,3,919,3,6,5,702,5,99,2.25
9,2,11,NA,3,3,2,0,373,378,6,9,9,919,3,7,6,569,6,148,2.25
9,2,11,NA,4,4,2,0,371,377,7,5,9,1454,8,7,6,1503,7,199,2.25
9,2,11,NA,5,5,1,0,371,377,7,8,6,1020,10,2,6,2420,3,250,2.25
9,2,11,NA,6,6,1,0,370,377,8,9,6,1986,11,3,5,2154,4,299,2.25
9,2,11,NA,7,7,1,0,372,375,4,3,6,1853,4,7,7,1853,7,348,2.25
9,2,11,NA,8,8,2,0,367,379,12,6,9,1053,4,5,7,1253,9,398,2.25
9,2,11,NA,9,9,2,0,372,378,7,5,9,1419,7,3,7,1620,9,450,2.25
9,2,12,NA,0,0,2,0,367,375,10,7,10,1853,1,5,6,670,7,0,2.25
9,2,12,NA,1,1,2,0,371,377,7,4,9,1687,11,2,6,1420,8,51,2.25
9,2,12,NA,2,2,1,0,367,373,7,6,6,1786,2,5,7,1887,3,103,2.25
9,2,12,NA,3,3,1,0,368,374,7,5,6,685,5,5,7,1752,4,152,2.25
9,2,12,NA,4,4,1,1,367,374,8,6,9,1885,9,5,5,1052,5,201,2.25
9,2,12,NA,5,5,1,0,366,375,11,3,6,1786,9,6,7,1120,1,250,2.25
9,2,12,NA,6,6,2,0,370,371,1,6,9,1118,4,5,7,3337,8,300,2.25
9,2,12,NA,7,7,2,0,369,375,7,7,9,1220,7,8,6,1353,1,349,2.25
9,2,12,NA,8,8,2,0,373,377,5,8,9,852,4,5,5,1152,1,401,2.25
9,2,12,NA,9,9,1,0,369,369,0,4,6,1153,6,7,7,1552,3,449,2.25
9,3,13,NA,0,0,1,0,391,400,8,3,6,2721,3,8,6,1369,2,0,2.84
9,3,13,NA,1,1,1,0,390,399,8,3,5,1619,3,7,5,2622,8,49,2.84
9,3,13,NA,2,2,2,0,391,399,7,9,8,3421,11,6,7,1888,3,99,2.84
9,3,13,NA,3,3,1,0,387,398,10,5,3,2886,7,2,3,1085,2,150,2.84
9,3,13,NA,4,4,2,0,391,400,8,9,9,1320,7,7,2,1935,9,198,2.84
9,3,13,NA,5,5,1,0,390,398,7,3,4,1986,8,5,4,753,5,248,2.84
9,3,13,NA,6,6,1,0,389,399,9,3,6,1752,6,4,6,1519,5,299,2.84
9,3,13,NA,7,7,2,1,392,398,5,7,4,1219,4,5,7,1318,7,348,2.84
9,3,13,NA,8,8,2,0,384,394,9,5,9,1386,7,8,7,1603,4,397,2.84
9,3,13,NA,9,9,2,0,387,396,8,9,9,687,7,3,6,1887,9,448,2.84
9,3,14,NA,0,0,1,0,382,392,9,9,7,919,1,8,3,1603,8,0,2.84
9,3,14,NA,1,1,2,0,382,393,10,3,8,2488,10,7,6,717,1,50,2.84
9,3,14,NA,2,2,1,0,386,394,7,5,7,2853,3,2,4,1669,7,100,2.84
9,3,14,NA,3,3,2,0,384,393,8,8,9,719,5,6,3,1653,8,148,2.84
9,3,14,NA,4,4,1,0,386,394,7,7,6,2720,7,4,5,819,8,199,2.84
9,3,14,NA,5,5,2,0,386,393,6,8,9,752,5,2,4,1287,2,248,2.84
9,3,14,NA,6,6,2,0,386,395,8,9,8,1954,2,7,5,1487,7,299,2.84
9,3,14,NA,7,7,1,0,385,392,6,5,6,852,8,3,4,718,4,351,2.84
9,3,14,NA,8,8,2,0,387,394,6,7,8,720,8,4,5,719,2,399,2.84
9,3,14,NA,9,9,1,1,384,393,8,7,10,1302,10,5,3,1418,3,450,2.84
9,3,15,NA,0,0,1,0,383,390,6,4,7,2054,4,2,3,1369,5,0,2.84
9,3,15,NA,1,1,1,0,387,392,5,8,7,685,10,2,4,2020,1,50,2.84
9,3,15,NA,2,2,2,0,385,394,8,4,9,2387,3,8,3,2953,6,99,2.84
9,3,15,NA,3,3,2,0,386,393,6,4,9,1819,3,4,6,1785,1,148,2.84
9,3,15,NA,4,4,2,0,386,394,7,3,9,3089,10,8,5,1520,1,196,2.84
9,3,15,NA,5,5,1,0,385,391,5,7,6,753,3,7,6,2821,1,248,2.84
9,3,15,NA,6,6,2,1,385,393,7,4,1,1152,1,3,1,987,1,299,2.84
9,3,15,NA,7,7,1,0,380,387,6,7,6,853,5,8,6,1719,2,349,2.84
9,3,15,NA,8,8,2,0,386,395,8,9,9,1418,5,7,5,2420,8,399,2.84
9,3,15,NA,9,9,1,0,388,394,5,9,6,1120,8,2,7,3822,2,448,2.84
9,3,16,NA,0,0,2,0,381,387,6,8,9,718,8,6,7,769,9,0,2.84
9,3,16,NA,1,1,1,1,377,384,7,8,3,1619,3,2,4,885,4,49,2.84
9,3,16,NA,2,2,2,0,376,386,9,8,9,720,8,8,7,1235,3,97,2.84
9,3,16,NA,3,3,1,0,377,386,8,9,7,1153,1,8,6,1787,7,147,2.84
9,3,16,NA,4,4,2,0,379,387,7,6,9,1420,5,8,7,2721,1,199,2.84
9,3,16,NA,5,5,1,0,383,387,4,6,6,1853,3,2,7,3154,3,250,2.84
9,3,16,NA,6,6,2,0,379,388,8,8,9,819,8,7,5,1253,7,298,2.84
9,3,16,NA,7,7,1,0,379,385,6,3,7,3954,1,5,5,3121,9,349,2.84
9,3,16,NA,8,8,1,0,377,384,7,4,6,1219,6,8,6,1720,4,398,2.84
9,3,16,NA,9,9,2,0,383,389,6,5,9,1420,6,3,7,2787,3,448,2.84
9,3,17,NA,0,0,1,0,383,392,8,7,5,2186,3,8,5,1619,3,0,2.84
9,3,17,NA,1,1,1,0,385,393,7,5,6,552,6,5,6,1187,4,48,2.84
9,3,17,NA,2,2,2,1,386,395,8,4,6,886,6,3,5,1052,5,99,2.84
9,3,17,NA,3,3,2,0,385,394,8,7,9,1619,6,8,7,787,5,148,2.84
9,3,17,NA,4,4,2,0,388,388,0,9,9,1987,10,3,7,2120,1,199,2.84
9,3,17,NA,5,5,1,0,389,394,5,7,5,2253,1,2,5,3404,1,250,2.84
9,3,17,NA,6,6,1,0,388,391,3,3,7,2720,10,2,6,2087,5,299,2.84
9,3,17,NA,7,7,1,0,387,394,6,6,5,1387,3,3,5,1419,4,348,2.84
9,3,17,NA,8,8,2,0,385,395,9,8,7,619,11,2,4,1654,3,398,2.84
9,3,17,NA,9,9,2,0,385,393,7,5,9,1652,8,3,5,1452,2,450,2.84
9,3,18,NA,0,0,2,0,382,393,10,7,9,1120,6,7,6,1404,7,0,2.84
9,3,18,NA,1,1,2,0,386,395,8,3,9,3122,1,4,7,2654,8,51,2.84
9,3,18,NA,2,2,1,0,387,392,5,8,5,2052,5,8,6,3304,5,103,2.84
9,3,18,NA,3,3,1,0,384,392,7,7,6,586,6,5,6,2419,4,152,2.84
9,3,18,NA,4,4,1,1,386,390,4,8,2,2353,2,8,4,1470,4,201,2.84
9,3,18,NA,5,5,1,0,382,392,9,4,6,1153,11,7,6,1086,7,250,2.84
9,3,18,NA,6,6,2,0,387,395,7,4,8,2186,5,7,7,1987,3,300,2.84
9,3,18,NA,7,7,2,0,388,396,7,8,9,653,9,7,7,2288,6,349,2.84
9,3,18,NA,8,8,2,0,388,395,6,4,8,1819,9,8,7,1552,2,401,2.84
9,3,18,NA,9,9,1,0,389,394,5,7,6,787,2,7,6,818,9,449,2.84
10,1,1,NA,0,0,1,0,399,398,0,7,5,5723,8,2,4,3154,2,0,2.75
10,1,1,NA,1,1,1,0,394,397,3,7,7,4254,11,3,6,2521,8,49,2.75
10,1,1,NA,2,2,2,0,390,399,8,5,7,2187,4,6,0,3939,1,99,2.75
10,1,1,NA,3,3,1,0,389,398,8,7,8,1218,7,4,7,2219,5,150,2.75
10,1,1,NA,4,4,2,0,392,399,6,6,9,1620,8,3,6,2019,8,198,2.75
10,1,1,NA,5,5,1,0,389,397,7,7,4,2521,2,3,10,3555,9,248,2.75
10,1,1,NA,6,6,1,0,397,397,0,5,7,3120,4,4,8,2387,6,299,2.75
10,1,1,NA,7,7,2,1,390,399,8,6,2,2420,2,3,5,1885,5,348,2.75
10,1,1,NA,8,8,2,0,396,397,1,7,10,4856,5,8,9,1352,1,397,2.75
10,1,1,NA,9,9,2,0,391,399,7,8,7,3289,4,6,7,1620,8,448,2.75
10,1,2,NA,0,0,1,0,396,393,0,9,10,1720,2,4,1,3938,7,0,2.75
10,1,2,NA,1,1,2,0,395,397,2,6,-1,-1,1,3,4,5221,5,50,2.75
10,1,2,NA,2,2,1,0,395,394,0,6,8,4588,7,5,6,601,6,100,2.75
10,1,2,NA,3,3,2,0,394,398,4,5,8,2754,5,7,0,3772,5,148,2.75
10,1,2,NA,4,4,1,0,392,398,6,9,6,2019,8,8,10,986,9,199,2.75
10,1,2,NA,5,5,2,0,392,396,4,3,9,3221,8,5,0,3155,7,248,2.75
10,1,2,NA,6,6,2,0,383,398,12,3,0,1020,8,3,0,2554,9,299,2.75
10,1,2,NA,7,7,1,0,393,402,8,3,2,1319,8,4,6,2119,8,351,2.75
10,1,2,NA,8,8,2,0,398,401,3,6,8,853,5,4,10,3854,3,399,2.75
10,1,2,NA,9,9,1,1,397,399,2,7,5,1453,5,6,4,1185,4,450,2.75
10,1,3,NA,0,0,1,0,395,400,5,6,7,2654,9,5,0,2370,5,0,2.75
10,1,3,NA,1,1,1,0,393,398,5,8,9,1318,9,2,5,2153,7,50,2.75
10,1,3,NA,2,2,2,0,390,398,7,3,9,3855,5,8,10,3821,2,99,2.75
10,1,3,NA,3,3,2,0,396,399,3,6,9,5722,11,7,5,1786,3,148,2.75
10,1,3,NA,4,4,2,0,395,398,3,6,9,3021,1,2,0,2287,3,196,2.75
10,1,3,NA,5,5,1,0,395,404,8,4,4,3288,5,2,6,2121,8,248,2.75
10,1,3,NA,6,6,2,1,389,405,12,5,5,4955,5,8,2,2738,2,299,2.75
10,1,3,NA,7,7,1,0,396,403,6,7,8,2488,6,6,0,3887,1,349,2.75
10,1,3,NA,8,8,2,0,401,405,4,4,3,5188,8,7,0,4255,2,399,2.75
10,1,3,NA,9,9,1,0,398,399,1,5,7,1921,11,8,3,2054,1,448,2.75
10,1,4,NA,0,0,2,0,403,399,0,7,0,3621,1,3,1,1203,5,0,2.75
10,1,4,NA,1,1,1,1,393,399,6,9,5,4205,5,6,9,1919,9,49,2.75
10,1,4,NA,2,2,2,0,397,400,3,6,9,1420,10,8,4,3537,7,97,2.75
10,1,4,NA,3,3,1,0,404,403,0,3,4,2054,8,7,0,4122,5,147,2.75
10,1,4,NA,4,4,2,0,392,401,8,8,3,3154,5,5,2,1954,6,199,2.75
10,1,4,NA,5,5,1,0,396,398,2,6,7,2286,4,2,0,1352,8,250,2.75
10,1,4,NA,6,6,2,0,393,402,8,5,-1,-1,9,5,5,-1,4,298,2.75
10,1,4,NA,7,7,1,0,397,388,0,5,-1,-1,1,2,2,-1,4,349,2.75
10,1,4,NA,8,8,1,0,391,392,1,4,-1,-1,5,6,6,-1,8,398,2.75
10,1,4,NA,9,9,2,0,393,395,2,7,-1,-1,7,4,4,-1,9,448,2.75
10,1,5,NA,0,0,1,0,392,395,3,9,8,5488,9,3,6,1969,8,0,2.75
10,1,5,NA,1,1,1,0,391,399,7,8,7,5789,3,3,0,1621,2,48,2.75
10,1,5,NA,2,2,2,1,394,401,6,6,-1,-1,2,8,8,1385,8,99,2.75
10,1,5,NA,3,3,2,0,390,400,9,8,9,2654,1,2,10,3355,6,148,2.75
10,1,5,NA,4,4,2,0,378,391,12,3,9,3589,9,4,0,1720,2,199,2.75
10,1,5,NA,5,5,1,0,392,396,4,7,6,1987,7,4,10,3120,3,250,2.75
10,1,5,NA,6,6,1,0,391,396,5,8,9,5855,5,6,2,2553,6,299,2.75
10,1,5,NA,7,7,1,0,390,394,4,7,8,653,10,7,4,3020,5,348,2.75
10,1,5,NA,8,8,2,0,385,393,8,8,6,2521,1,8,8,-1,1,398,2.75
10,1,5,NA,9,9,2,0,386,385,0,8,-1,-1,9,7,7,-1,6,450,2.75
10,1,6,NA,0,0,2,0,384,392,8,8,10,5290,3,8,1,3505,1,0,2.75
10,1,6,NA,1,1,2,0,387,396,8,4,4,3021,2,4,1,1887,3,51,2.75
10,1,6,NA,2,2,1,0,395,401,6,8,9,1452,4,2,0,4372,6,103,2.75
10,1,6,NA,3,3,1,0,393,394,1,8,6,2320,8,7,8,3904,9,152,2.75
10,1,6,NA,4,4,1,1,392,396,4,4,8,2369,8,8,2,3271,2,201,2.75
10,1,6,NA,5,5,1,0,389,397,7,8,5,5823,8,3,3,3755,2,250,2.75
10,1,6,NA,6,6,2,0,385,392,7,7,10,3621,2,6,6,-1,1,300,2.75
10,1,6,NA,7,7,2,0,385,387,2,7,-1,-1,1,7,7,-1,3,349,2.75
10,1,6,NA,8,8,2,0,393,390,0,4,3,1919,9,2,0,1752,3,401,2.75
10,1,6,NA,9,9,1,0,389,392,3,6,-1,-1,6,2,2,-1,2,449,2.75
10,2,7,NA,0,0,1,0,444,451,8,7,5,2354,8,5,0,2653,6,0,2.06
10,2,7,NA,1,1,1,0,441,450,10,9,7,1919,1,3,5,2788,3,49,2.06
10,2,7,NA,2,2,2,0,439,454,12,9,10,4022,6,7,10,1137,2,99,2.06
10,2,7,NA,3,3,1,0,440,446,7,9,6,2719,3,8,7,2602,5,150,2.06
10,2,7,NA,4,4,2,0,449,452,3,9,9,2588,1,8,10,1752,2,198,2.06
10,2,7,NA,5,5,1,0,445,451,7,6,7,3054,8,7,4,3555,7,248,2.06
10,2,7,NA,6,6,1,0,443,452,10,5,6,918,2,6,4,1853,6,299,2.06
10,2,7,NA,7,7,2,1,442,450,9,4,6,1519,6,2,1,901,1,348,2.06
10,2,7,NA,8,8,2,0,438,451,12,9,8,3922,1,2,3,3788,8,397,2.06
10,2,7,NA,9,9,2,0,438,446,9,8,7,3923,6,5,2,2704,2,448,2.06
10,2,8,NA,0,0,1,0,444,449,5,3,5,4155,10,7,1,3087,9,0,2.06
10,2,8,NA,1,1,2,0,445,452,8,4,-1,-1,1,8,8,-1,9,50,2.06
10,2,8,NA,2,2,1,0,439,450,12,4,6,3086,6,8,0,4154,6,100,2.06
10,2,8,NA,3,3,2,0,441,452,12,6,7,5756,8,6,1,2255,3,148,2.06
10,2,8,NA,4,4,1,0,437,451,12,8,7,3788,4,7,2,4155,3,199,2.06
10,2,8,NA,5,5,2,0,441,451,11,9,10,1453,2,8,2,2654,6,248,2.06
10,2,8,NA,6,6,2,0,440,452,12,4,7,1820,10,5,6,886,4,299,2.06
10,2,8,NA,7,7,1,0,451,455,4,6,9,1719,5,4,0,2152,3,351,2.06
10,2,8,NA,8,8,2,0,447,452,5,3,4,5857,8,3,6,919,5,399,2.06
10,2,8,NA,9,9,1,1,442,453,12,3,1,2620,1,2,1,1636,1,450,2.06
10,2,9,NA,0,0,1,0,440,441,1,4,5,5723,9,4,0,4255,5,0,2.09
10,2,9,NA,1,1,1,0,433,446,12,9,3,4221,5,8,0,4489,8,50,2.09
10,2,9,NA,2,2,2,0,442,447,5,5,10,5589,10,2,0,1418,5,99,2.09
10,2,9,NA,3,3,2,0,442,449,8,9,5,5289,6,2,2,3354,6,148,2.09
10,2,9,NA,4,4,2,0,448,453,5,5,1,5190,6,8,8,-1,2,196,2.09
10,2,9,NA,5,5,1,0,446,448,2,7,-1,-1,11,8,8,-1,8,248,2.09
10,2,9,NA,6,6,2,1,442,451,10,6,-1,-1,7,4,9,1270,9,299,2.09
10,2,9,NA,7,7,1,0,434,449,12,3,8,4556,11,2,5,3653,5,349,2.09
10,2,9,NA,8,8,2,0,439,449,11,5,8,4054,2,6,3,1587,9,399,2.09
10,2,9,NA,9,9,1,0,443,449,6,8,4,2187,5,2,2,-1,4,448,2.09
10,2,10,NA,0,0,2,0,440,445,6,5,7,2986,8,4,0,2053,8,0,2.06
10,2,10,NA,1,1,1,1,446,452,7,4,5,1436,5,6,1,3521,1,49,2.06
10,2,10,NA,2,2,2,0,445,450,5,3,7,3789,4,8,2,5305,1,97,2.06
10,2,10,NA,3,3,1,0,438,447,10,5,2,1254,4,5,0,3155,6,147,2.06
10,2,10,NA,4,4,2,0,443,454,12,5,3,3755,9,7,0,2521,9,199,2.06
10,2,10,NA,5,5,1,0,453,453,0,9,5,4988,5,6,4,1119,4,250,2.06
10,2,10,NA,6,6,2,0,443,454,12,8,5,2553,5,3,0,3422,8,298,2.06
10,2,10,NA,7,7,1,0,445,455,11,4,5,318,6,4,1,1953,5,349,2.06
10,2,10,NA,8,8,1,0,440,452,12,4,3,2220,2,5,0,3388,1,398,2.06
10,2,10,NA,9,9,2,0,446,452,7,8,-1,-1,4,3,5,3954,7,448,2.06
10,2,11,NA,0,0,1,0,445,451,7,4,1,2085,6,8,10,934,4,0,2.06
10,2,11,NA,1,1,1,0,440,449,10,4,2,2286,4,4,0,5124,2,48,2.06
10,2,11,NA,2,2,2,1,450,456,6,3,8,4105,8,4,1,1819,1,99,2.06
10,2,11,NA,3,3,2,0,454,453,0,8,7,2520,3,2,0,1220,9,148,2.06
10,2,11,NA,4,4,2,0,450,460,11,4,1,5890,10,8,0,2336,3,199,2.06
10,2,11,NA,5,5,1,0,452,455,3,7,-1,-1,1,4,4,-1,6,250,2.06
10,2,11,NA,6,6,1,0,450,452,2,4,4,2787,5,6,0,5123,6,299,2.06
10,2,11,NA,7,7,1,0,450,454,4,6,3,4790,11,7,4,5655,7,348,2.06
10,2,11,NA,8,8,2,0,448,454,7,6,4,4423,11,2,2,-1,1,398,2.06
10,2,11,NA,9,9,2,0,447,456,10,3,-1,-1,1,8,8,-1,6,450,2.06
10,2,12,NA,0,0,2,0,428,440,12,3,6,3187,6,4,0,1571,9,0,2.06
10,2,12,NA,1,1,2,0,427,441,12,7,5,2921,9,4,2,2972,3,51,2.06
10,2,12,NA,2,2,1,0,435,441,7,9,3,3654,10,4,0,1653,6,103,2.06
10,2,12,NA,3,3,1,0,433,442,10,6,4,1020,1,3,2,3721,2,152,2.06
10,2,12,NA,4,4,1,1,432,441,10,8,4,1952,4,8,5,2153,5,201,2.06
10,2,12,NA,5,5,1,0,443,447,4,8,3,2120,10,6,6,-1,3,250,2.06
10,2,12,NA,6,6,2,0,436,441,6,8,-1,-1,10,4,2,3855,7,300,2.06
10,2,12,NA,7,7,2,0,434,443,10,9,3,2554,7,7,0,3038,6,349,2.06
10,2,12,NA,8,8,2,0,432,444,12,3,0,2819,7,6,10,2719,9,401,2.06
10,2,12,NA,9,9,1,0,428,449,12,6,2,1120,3,7,1,5889,8,449,2.06
10,3,13,NA,0,0,1,0,396,404,11,4,-1,-1,2,6,6,-1,1,0,1.78
10,3,13,NA,1,1,1,0,396,391,0,6,-1,-1,3,6,6,-1,6,49,1.78
10,3,13,NA,2,2,2,0,391,396,7,4,-1,-1,3,4,4,-1,4,99,1.78
10,3,13,NA,3,3,1,0,400,397,0,9,-1,-1,10,6,6,-1,8,150,1.78
10,3,13,NA,4,4,2,0,394,398,6,6,-1,-1,6,6,6,-1,5,198,1.78
10,3,13,NA,5,5,1,0,398,398,0,9,-1,-1,3,6,6,-1,3,248,1.78
10,3,13,NA,6,6,1,0,391,395,6,7,-1,-1,3,5,5,-1,1,299,1.78
10,3,13,NA,7,7,2,1,395,398,4,7,-1,-1,9,7,7,-1,8,348,1.78
10,3,13,NA,8,8,2,0,402,389,0,4,-1,-1,8,3,3,-1,3,397,1.78
10,3,13,NA,9,9,2,0,394,390,0,9,-1,-1,3,4,4,-1,8,448,1.78
10,3,14,NA,0,0,1,0,397,404,10,4,-1,-1,11,3,3,-1,9,0,1.78
10,3,14,NA,1,1,2,0,398,400,3,4,0,5290,5,2,0,1218,5,50,1.78
10,3,14,NA,2,2,1,0,398,405,10,8,1,5789,6,3,10,2986,9,100,1.78
10,3,14,NA,3,3,2,0,399,404,7,7,6,1119,1,6,0,2988,9,148,1.78
10,3,14,NA,4,4,1,0,396,401,7,3,1,4288,4,6,2,2053,7,199,1.78
10,3,14,NA,5,5,2,0,399,405,8,9,3,2888,3,8,2,3088,6,248,1.78
10,3,14,NA,6,6,2,0,402,404,3,7,-1,-1,2,5,5,-1,7,299,1.78
10,3,14,NA,7,7,1,0,396,400,6,9,3,4054,3,5,1,3086,5,351,1.78
10,3,14,NA,8,8,2,0,397,403,8,6,4,4523,10,6,6,-1,1,399,1.78
10,3,14,NA,9,9,1,1,397,401,6,4,2,719,2,7,5,1035,5,450,1.78
10,3,15,NA,0,0,1,0,399,398,0,4,1,4089,1,8,10,3355,6,0,1.78
10,3,15,NA,1,1,1,0,387,396,12,3,2,818,7,4,1,1770,6,50,1.78
10,3,15,NA,2,2,2,0,383,396,12,6,8,2254,10,2,0,1686,8,99,1.78
10,3,15,NA,3,3,2,0,383,396,12,7,6,2086,8,8,4,1752,4,148,1.78
10,3,15,NA,4,4,2,0,382,395,12,6,2,1753,11,3,10,4189,4,196,1.78
10,3,15,NA,5,5,1,0,388,393,7,9,4,2320,1,6,2,1654,6,248,1.78
10,3,15,NA,6,6,2,1,385,394,12,4,11,3004,11,8,9,769,9,299,1.78
10,3,15,NA,7,7,1,0,390,397,10,6,0,2955,3,8,10,3020,4,349,1.78
10,3,15,NA,8,8,2,0,386,402,12,6,3,1385,1,8,10,2237,9,399,1.78
10,3,15,NA,9,9,1,0,387,397,12,5,8,2455,7,2,10,4389,9,448,1.78
10,3,16,NA,0,0,2,0,386,388,3,5,12,3453,9,5,0,1569,9,0,1.78
10,3,16,NA,1,1,1,1,394,400,9,7,7,2186,7,5,3,1986,3,49,1.78
10,3,16,NA,2,2,2,0,393,394,1,7,4,4656,10,4,1,3120,8,97,1.78
10,3,16,NA,3,3,1,0,390,395,7,8,5,3689,7,4,6,2638,1,147,1.78
10,3,16,NA,4,4,2,0,390,396,9,9,5,2220,10,5,2,3789,4,199,1.78
10,3,16,NA,5,5,1,0,384,401,12,3,7,3354,5,6,3,5022,8,250,1.78
10,3,16,NA,6,6,2,0,388,400,12,4,3,719,3,4,8,3038,4,298,1.78
10,3,16,NA,7,7,1,0,387,393,9,7,3,5955,8,7,10,1753,8,349,1.78
10,3,16,NA,8,8,1,0,377,385,12,8,4,4555,4,7,4,3121,6,398,1.78
10,3,16,NA,9,9,2,0,380,385,7,9,11,1787,2,7,10,1469,2,448,1.78
10,3,17,NA,0,0,1,0,395,405,12,5,0,2086,8,4,0,1619,5,0,1.78
10,3,17,NA,1,1,1,0,392,398,9,7,12,2386,6,4,0,1187,7,48,1.78
10,3,17,NA,2,2,2,1,384,398,12,8,6,786,6,3,2,668,2,99,1.78
10,3,17,NA,3,3,2,0,383,393,12,4,0,1419,11,3,10,2454,2,148,1.78
10,3,17,NA,4,4,2,0,387,393,9,8,2,5824,7,5,10,2453,8,199,1.78
10,3,17,NA,5,5,1,0,387,398,12,8,5,3655,6,4,1,3520,8,250,1.78
10,3,17,NA,6,6,1,0,392,394,3,5,0,2486,7,4,0,1519,9,299,1.78
10,3,17,NA,7,7,1,0,385,390,7,5,1,2321,7,4,6,2552,5,348,1.78
10,3,17,NA,8,8,2,0,388,395,10,8,10,2054,10,4,0,1854,3,398,1.78
10,3,17,NA,9,9,2,0,387,394,10,9,2,3620,11,8,8,-1,4,450,1.78
10,3,18,NA,0,0,2,0,398,404,8,3,12,2720,2,3,0,1004,3,0,1.78
10,3,18,NA,1,1,2,0,390,400,12,3,1,4056,5,8,8,-1,1,51,1.78
10,3,18,NA,2,2,1,0,391,399,11,3,5,2753,2,2,2,-1,9,103,1.78
10,3,18,NA,3,3,1,0,392,399,10,3,5,1987,9,7,10,1819,7,152,1.78
10,3,18,NA,4,4,1,1,397,400,4,7,10,3103,10,3,4,1069,4,201,1.78
10,3,18,NA,5,5,1,0,390,397,10,7,1,5056,7,3,10,2671,9,250,1.78
10,3,18,NA,6,6,2,0,387,396,12,8,9,985,6,6,10,2554,2,300,1.78
10,3,18,NA,7,7,2,0,392,400,11,5,3,920,6,6,0,2988,3,349,1.78
10,3,18,NA,8,8,2,0,394,402,11,8,4,3087,8,3,0,4621,4,401,1.78
10,3,18,NA,9,9,1,0,398,401,4,3,6,1221,9,2,3,3120,3,449,1.78
11,1,1,NA,0,0,1,0,397,406,10,5,6,1520,5,7,4,2453,1,0,2.28
11,1,1,NA,1,1,1,0,399,408,10,7,6,785,4,7,4,1987,2,49,2.28
11,1,1,NA,2,2,2,0,400,408,9,8,9,1520,5,4,5,1053,1,99,2.28
11,1,1,NA,3,3,1,0,401,407,7,6,6,1219,1,8,5,1169,7,150,2.28
11,1,1,NA,4,4,2,0,395,408,12,8,9,4256,7,6,5,1452,7,198,2.28
11,1,1,NA,5,5,1,0,396,407,12,8,6,1720,3,4,6,1387,5,248,2.28
11,1,1,NA,6,6,1,0,397,406,10,5,6,1319,3,8,4,1820,5,299,2.28
11,1,1,NA,7,7,2,1,396,409,12,7,7,2020,7,6,7,901,7,348,2.28
11,1,1,NA,8,8,2,0,395,406,12,8,9,2554,10,6,4,1085,5,397,2.28
11,1,1,NA,9,9,2,0,399,405,7,6,8,2121,1,2,2,2387,1,448,2.28
11,1,2,NA,0,0,1,0,399,408,10,3,6,2120,4,3,4,1370,1,0,2.28
11,1,2,NA,1,1,2,0,395,404,10,6,10,2622,6,2,2,2203,6,50,2.28
11,1,2,NA,2,2,1,0,399,406,8,5,6,1685,2,6,4,2019,4,100,2.28
11,1,2,NA,3,3,2,0,397,406,10,7,9,3488,5,2,4,1153,9,148,2.28
11,1,2,NA,4,4,1,0,393,400,8,4,7,3954,10,3,3,1353,1,199,2.28
11,1,2,NA,5,5,2,0,396,403,8,9,9,2787,6,2,3,1086,4,248,2.28
11,1,2,NA,6,6,2,0,394,404,11,9,9,1587,4,6,4,1386,3,299,2.28
11,1,2,NA,7,7,1,0,400,397,0,6,7,1985,3,2,3,2386,6,351,2.28
11,1,2,NA,8,8,2,0,395,403,9,4,10,2488,7,4,4,1553,6,399,2.28
11,1,2,NA,9,9,1,1,392,404,12,8,7,969,7,5,9,1836,9,450,2.28
11,1,3,NA,0,0,1,0,400,408,9,5,6,1786,1,6,3,2737,6,0,2.28
11,1,3,NA,1,1,1,0,394,404,11,5,7,1452,6,2,3,2570,3,50,2.28
11,1,3,NA,2,2,2,0,399,407,9,7,10,2687,8,7,4,2703,5,99,2.28
11,1,3,NA,3,3,2,0,400,405,5,9,9,1385,9,4,5,851,2,148,2.28
11,1,3,NA,4,4,2,0,398,406,9,3,8,1887,7,7,4,2287,8,196,2.28
11,1,3,NA,5,5,1,0,394,399,6,4,8,4122,1,7,4,1153,8,248,2.28
11,1,3,NA,6,6,2,1,391,403,12,9,1,2887,1,3,8,1704,8,299,2.28
11,1,3,NA,7,7,1,0,390,402,12,9,7,2421,1,6,4,1385,9,349,2.28
11,1,3,NA,8,8,2,0,386,401,12,6,10,1819,5,5,5,986,9,399,2.28
11,1,3,NA,9,9,1,0,386,399,12,5,6,2121,9,5,2,2154,7,448,2.28
11,1,4,NA,0,0,2,0,396,404,9,4,10,2453,2,2,4,1954,5,0,2.28
11,1,4,NA,1,1,1,1,397,404,8,4,8,1719,8,7,7,1452,7,49,2.28
11,1,4,NA,2,2,2,0,398,408,11,7,9,1186,8,7,5,1319,9,97,2.28
11,1,4,NA,3,3,1,0,396,401,6,4,6,1454,8,4,5,1320,7,147,2.28
11,1,4,NA,4,4,2,0,394,403,10,5,9,1219,8,4,3,1020,5,199,2.28
11,1,4,NA,5,5,1,0,392,402,11,3,6,1385,6,6,3,1919,7,250,2.28
11,1,4,NA,6,6,2,0,388,402,12,9,8,919,6,5,3,2788,8,298,2.28
11,1,4,NA,7,7,1,0,387,401,12,6,6,2085,9,6,2,3187,4,349,2.28
11,1,4,NA,8,8,1,0,390,400,11,4,6,3488,5,4,2,1886,5,398,2.28
11,1,4,NA,9,9,2,0,393,402,10,7,8,787,9,2,3,1352,4,448,2.28
11,1,5,NA,0,0,1,0,394,399,6,6,6,1752,4,5,4,1936,1,0,2.28
11,1,5,NA,1,1,1,0,391,401,11,4,6,1220,8,6,4,1270,6,48,2.28
11,1,5,NA,2,2,2,1,391,400,10,6,11,2054,11,8,9,901,9,99,2.28
11,1,5,NA,3,3,2,0,394,399,6,5,9,1286,9,3,4,1153,6,148,2.28
11,1,5,NA,4,4,2,0,388,399,12,4,8,1253,11,8,3,2553,2,199,2.28
11,1,5,NA,5,5,1,0,390,399,10,8,5,1519,2,8,3,2486,9,250,2.28
11,1,5,NA,6,6,1,0,388,398,11,4,6,1753,11,7,4,1753,8,299,2.28
11,1,5,NA,7,7,1,0,390,395,6,4,6,986,1,4,2,952,3,348,2.28
11,1,5,NA,8,8,2,0,393,398,6,8,8,1587,2,8,2,2204,8,398,2.28
11,1,5,NA,9,9,2,0,390,398,9,6,7,2920,4,4,3,735,5,450,2.28
11,1,6,NA,0,0,2,0,401,407,7,5,10,1386,7,2,3,803,7,0,2.28
11,1,6,NA,1,1,2,0,399,408,10,9,9,1587,6,8,3,2304,5,51,2.28
11,1,6,NA,2,2,1,0,394,404,11,8,6,985,6,2,3,1186,3,103,2.28
11,1,6,NA,3,3,1,0,394,404,11,4,6,1386,9,5,4,2153,9,152,2.28
11,1,6,NA,4,4,1,1,395,403,9,7,9,1218,9,2,2,1286,2,201,2.28
11,1,6,NA,5,5,1,0,399,404,5,3,7,1753,9,3,4,1653,7,250,2.28
11,1,6,NA,6,6,2,0,398,404,7,4,9,2453,11,2,3,953,9,300,2.28
11,1,6,NA,7,7,2,0,392,404,12,5,7,986,10,7,4,2721,5,349,2.28
11,1,6,NA,8,8,2,0,398,402,4,4,8,1619,7,4,3,551,1,401,2.28
11,1,6,NA,9,9,1,0,393,403,11,4,5,720,10,2,3,2953,8,449,2.28
11,2,7,NA,0,0,1,0,402,409,8,9,6,2053,2,5,3,1402,3,0,2.18
11,2,7,NA,1,1,1,0,404,411,8,8,7,2219,6,8,4,1370,8,49,2.18
11,2,7,NA,2,2,2,0,398,409,12,5,10,1653,10,2,3,836,6,99,2.18
11,2,7,NA,3,3,1,0,399,409,11,6,8,2520,4,6,3,1619,8,150,2.18
11,2,7,NA,4,4,2,0,401,408,8,3,9,1954,11,5,3,1386,7,198,2.18
11,2,7,NA,5,5,1,0,397,408,12,6,6,1153,8,5,3,1453,4,248,2.18
11,2,7,NA,6,6,1,0,399,408,10,6,7,2553,1,4,3,1420,9,299,2.18
11,2,7,NA,7,7,2,1,399,411,12,7,7,1437,7,3,9,2703,9,348,2.18
11,2,7,NA,8,8,2,0,400,403,3,5,10,2588,11,5,3,1452,5,397,2.18
11,2,7,NA,9,9,2,0,398,410,12,8,8,1620,1,3,3,1386,1,448,2.18
11,2,8,NA,0,0,1,0,399,410,12,8,10,3621,2,5,2,1737,8,0,2.18
11,2,8,NA,1,1,2,0,398,408,12,8,10,1654,5,7,3,1585,3,50,2.18
11,2,8,NA,2,2,1,0,394,410,12,8,6,1152,1,7,4,2320,7,100,2.18
11,2,8,NA,3,3,2,0,402,411,10,3,10,2253,1,2,3,1253,4,148,2.18
11,2,8,NA,4,4,1,0,402,409,8,6,7,1285,11,5,2,1353,7,199,2.18
11,2,8,NA,5,5,2,0,398,408,12,7,9,852,3,6,4,1370,1,248,2.18
11,2,8,NA,6,6,2,0,398,407,10,9,9,1253,7,8,3,2004,3,299,2.18
11,2,8,NA,7,7,1,0,400,406,7,4,6,1985,7,8,3,1985,4,351,2.18
11,2,8,NA,8,8,2,0,402,410,9,4,9,1554,11,3,3,1719,8,399,2.18
11,2,8,NA,9,9,1,1,397,406,10,8,4,1620,4,7,2,1769,2,450,2.18
11,2,9,NA,0,0,1,0,395,407,12,6,6,1019,5,5,3,819,9,0,2.18
11,2,9,NA,1,1,1,0,394,400,7,4,7,1352,8,7,2,1954,6,50,2.18
11,2,9,NA,2,2,2,0,397,400,3,9,9,986,1,7,3,1452,6,99,2.18
11,2,9,NA,3,3,2,0,394,402,9,5,8,1119,1,8,2,2403,9,148,2.18
11,2,9,NA,4,4,2,0,392,401,11,4,8,2955,3,2,3,1086,8,196,2.18
11,2,9,NA,5,5,1,0,395,401,7,4,5,2020,1,2,2,1220,7,248,2.18
11,2,9,NA,6,6,2,1,393,403,12,5,6,835,6,3,4,703,4,299,2.18
11,2,9,NA,7,7,1,0,394,401,8,7,6,1287,4,6,3,1685,2,349,2.18
11,2,9,NA,8,8,2,0,399,404,6,6,8,3721,7,5,2,2621,6,399,2.18
11,2,9,NA,9,9,1,0,397,405,9,8,6,1787,10,2,3,1120,8,448,2.18
11,2,10,NA,0,0,2,0,389,402,12,6,9,5122,7,7,3,1670,5,0,2.18
11,2,10,NA,1,1,1,1,392,401,11,8,9,1953,9,2,4,1219,4,49,2.18
11,2,10,NA,2,2,2,0,394,399,6,8,9,686,5,6,3,2186,8,97,2.18
11,2,10,NA,3,3,1,0,394,400,7,3,6,1787,1,4,3,886,7,147,2.18
11,2,10,NA,4,4,2,0,395,400,6,6,8,1419,6,3,3,1421,4,199,2.18
11,2,10,NA,5,5,1,0,391,402,12,3,6,1552,5,7,4,2319,6,250,2.18
11,2,10,NA,6,6,2,0,395,401,7,8,8,3388,1,4,2,1887,1,298,2.18
11,2,10,NA,7,7,1,0,398,403,6,7,6,1953,5,7,3,1586,1,349,2.18
11,2,10,NA,8,8,1,0,398,401,3,7,6,819,1,8,4,2436,2,398,2.18
11,2,10,NA,9,9,2,0,398,402,5,4,8,1954,6,8,2,2686,9,448,2.18
11,2,11,NA,0,0,1,0,407,418,12,6,6,1552,7,4,3,835,4,0,2.18
11,2,11,NA,1,1,1,0,413,415,2,3,7,1386,6,3,3,1620,1,48,2.18
11,2,11,NA,2,2,2,1,409,417,9,4,6,986,6,5,8,1985,8,99,2.18
11,2,11,NA,3,3,2,0,410,417,8,6,9,919,3,5,4,1687,9,148,2.18
11,2,11,NA,4,4,2,0,415,414,0,3,9,1688,7,7,4,1353,7,199,2.18
11,2,11,NA,5,5,1,0,411,416,6,4,7,1119,1,4,3,2487,5,250,2.18
11,2,11,NA,6,6,1,0,408,415,8,8,6,818,11,5,3,1186,5,299,2.18
11,2,11,NA,7,7,1,0,410,415,6,7,6,2121,11,4,3,601,2,348,2.18
11,2,11,NA,8,8,2,0,409,415,7,8,10,2020,7,5,3,1154,3,398,2.18
11,2,11,NA,9,9,2,0,411,413,2,7,8,751,1,6,3,1202,2,450,2.18
11,2,12,NA,0,0,2,0,412,414,2,3,9,1786,1,4,3,1070,7,0,2.18
11,2,12,NA,1,1,2,0,406,413,8,7,8,753,5,3,2,1254,5,51,2.18
11,2,12,NA,2,2,1,0,406,411,6,9,5,1618,9,8,2,2620,3,103,2.18
11,2,12,NA,3,3,1,0,407,410,3,6,6,919,5,7,2,2052,4,152,2.18
11,2,12,NA,4,4,1,1,404,414,11,5,6,802,6,2,3,636,3,201,2.18
11,2,12,NA,5,5,1,0,409,410,1,8,5,1886,2,3,2,1220,2,250,2.18
11,2,12,NA,6,6,2,0,404,411,8,5,8,1052,2,2,1,1153,1,300,2.18
11,2,12,NA,7,7,2,0,403,411,9,8,9,1087,9,3,2,720,9,349,2.18
11,2,12,NA,8,8,2,0,404,412,9,5,9,1185,9,4,3,985,2,401,2.18
11,2,12,NA,9,9,1,0,400,411,12,9,6,1086,4,5,2,1586,9,449,2.18
11,3,13,NA,0,0,1,0,400,410,7,8,6,952,2,6,4,1485,7,0,3.71
11,3,13,NA,1,1,1,0,404,410,4,8,6,818,5,2,4,1037,3,49,3.71
11,3,13,NA,2,2,2,0,406,409,2,3,9,2120,7,5,4,1137,3,99,3.71
11,3,13,NA,3,3,1,0,407,414,5,5,6,585,9,4,3,1252,5,150,3.71
11,3,13,NA,4,4,2,0,399,410,7,6,9,1153,10,6,3,1269,5,198,3.71
11,3,13,NA,5,5,1,0,399,410,7,6,6,1920,8,7,4,1003,5,248,3.71
11,3,13,NA,6,6,1,0,406,411,3,8,6,852,8,2,4,1853,2,299,3.71
11,3,13,NA,7,7,2,1,406,407,1,6,10,1586,10,4,3,768,3,348,3.71
11,3,13,NA,8,8,2,0,401,406,3,9,9,1053,10,3,2,1319,4,397,3.71
11,3,13,NA,9,9,2,0,397,405,5,4,9,2254,9,6,3,985,1,448,3.71
11,3,14,NA,0,0,1,0,405,417,8,3,6,1586,5,8,4,1569,5,0,3.71
11,3,14,NA,1,1,2,0,404,413,6,3,9,1987,4,7,3,2053,2,50,3.71
11,3,14,NA,2,2,1,0,401,413,8,9,6,1218,2,2,4,2136,1,100,3.71
11,3,14,NA,3,3,2,0,401,406,3,4,9,2187,4,5,2,2221,5,148,3.71
11,3,14,NA,4,4,1,0,402,408,4,4,6,1418,1,7,4,1252,1,199,3.71
11,3,14,NA,5,5,2,0,407,405,0,8,9,2720,2,7,2,1520,2,248,3.71
11,3,14,NA,6,6,2,0,398,403,3,9,8,486,2,3,0,1370,9,299,3.71
11,3,14,NA,7,7,1,0,395,394,0,8,6,885,6,8,3,1719,5,351,3.71
11,3,14,NA,8,8,2,0,398,398,0,6,8,2187,2,2,0,786,7,399,3.71
11,3,14,NA,9,9,1,1,398,397,0,6,2,1553,2,8,7,1301,7,450,3.71
11,3,15,NA,0,0,1,0,399,405,4,7,5,1853,3,6,2,1502,9,0,3.71
11,3,15,NA,1,1,1,0,400,404,3,6,5,884,11,2,2,1569,8,50,3.71
11,3,15,NA,2,2,2,0,397,403,4,6,9,1286,8,4,2,1319,2,99,3.71
11,3,15,NA,3,3,2,0,397,402,3,4,8,1452,7,3,2,1286,6,148,3.71
11,3,15,NA,4,4,2,0,393,400,5,6,8,1086,7,2,2,2154,4,196,3.71
11,3,15,NA,5,5,1,0,390,404,10,7,6,652,3,2,2,1420,7,248,3.71
11,3,15,NA,6,6,2,1,393,404,8,4,11,2369,11,5,7,1204,7,299,3.71
11,3,15,NA,7,7,1,0,394,405,8,9,7,1036,2,2,3,1085,2,349,3.71
11,3,15,NA,8,8,2,0,392,403,8,3,9,2185,6,8,3,3437,5,399,3.71
11,3,15,NA,9,9,1,0,392,402,7,4,6,920,2,6,4,1054,4,448,3.71
11,3,16,NA,0,0,2,0,399,409,7,6,8,3387,6,5,3,919,8,0,3.71
11,3,16,NA,1,1,1,1,398,411,9,6,8,1085,8,8,9,835,9,49,3.71
11,3,16,NA,2,2,2,0,401,409,5,9,9,1837,1,2,3,2520,4,97,3.71
11,3,16,NA,3,3,1,0,398,407,6,7,6,720,4,8,4,1654,2,147,3.71
11,3,16,NA,4,4,2,0,399,409,7,4,9,1987,5,5,3,1053,1,199,3.71
11,3,16,NA,5,5,1,0,396,410,10,5,6,985,4,5,4,652,1,250,3.71
11,3,16,NA,6,6,2,0,402,408,4,4,8,1252,5,2,2,1420,1,298,3.71
11,3,16,NA,7,7,1,0,399,407,5,4,7,1419,2,6,3,1553,6,349,3.71
11,3,16,NA,8,8,1,0,398,409,7,8,6,986,8,3,4,1286,2,398,3.71
11,3,16,NA,9,9,2,0,402,409,5,5,8,1053,2,6,3,1285,9,448,3.71
11,3,17,NA,0,0,1,0,396,410,10,4,6,885,4,4,3,2136,3,0,3.71
11,3,17,NA,1,1,1,0,397,407,7,4,6,919,8,4,3,787,3,48,3.71
11,3,17,NA,2,2,2,1,398,399,1,5,1,1519,1,3,7,2069,7,99,3.71
11,3,17,NA,3,3,2,0,396,404,5,7,8,3021,2,6,3,1621,2,148,3.71
11,3,17,NA,4,4,2,0,394,402,5,6,8,753,6,7,3,1436,5,199,3.71
11,3,17,NA,5,5,1,0,399,407,5,8,6,852,11,3,4,518,8,250,3.71
11,3,17,NA,6,6,1,0,398,404,4,5,6,584,7,8,4,1436,1,299,3.71
11,3,17,NA,7,7,1,0,396,408,8,3,6,2121,3,8,3,1819,4,348,3.71
11,3,17,NA,8,8,2,0,398,406,5,3,8,1821,1,3,2,753,5,398,3.71
11,3,17,NA,9,9,2,0,393,404,8,3,8,1753,11,7,4,1387,2,450,3.71
11,3,18,NA,0,0,2,0,397,405,5,5,8,1253,5,2,3,1037,9,0,3.71
11,3,18,NA,1,1,2,0,403,408,3,9,8,919,3,3,3,1354,5,51,3.71
11,3,18,NA,2,2,1,0,398,410,8,3,7,1251,11,7,3,1369,8,103,3.71
11,3,18,NA,3,3,1,0,399,411,8,3,7,1386,8,8,4,1268,3,152,3.71
11,3,18,NA,4,4,1,1,399,410,7,4,5,1485,5,8,3,2203,3,201,3.71
11,3,18,NA,5,5,1,0,402,408,4,6,6,1152,8,2,4,1386,7,250,3.71
11,3,18,NA,6,6,2,0,401,411,7,6,8,752,6,2,3,1636,5,300,3.71
11,3,18,NA,7,7,2,0,397,409,8,4,8,1421,11,6,4,1137,9,349,3.71
11,3,18,NA,8,8,2,0,399,408,6,3,9,1786,7,5,4,1501,8,401,3.71
11,3,18,NA,9,9,1,0,399,407,5,9,7,1320,4,5,3,667,6,449,3.71
